mut name,well,Total Cells
MA>W,10_220407,108
MA>W,10_220906,246
MA>W,11_220906,252
MA>W,12_220906,125
MA>W,14_220407,46
MA>W,9_220407,159
NQ>W,10_220421,179
NQ>W,11_220421,96
NQ>W,12_220421,127
NQ>W,2_220407,288
NQ>W,4_220906,207
NQ>W,5_220407,294
NQ>W,5_220906,131
NQ>W,6_220906,167
NQ>W,7_220407,311
NQ>W,9_220421,136
RK>D,0_220407,200
RK>D,13_220421,583
RK>D,14_220421,228
RK>D,15_220421,44
RK>D,16_220421,192
RK>D,4_220407,254
RK>D,7_220906,345
RK>D,8_220407,373
RK>D,8_220906,153
RK>D,9_220906,378
RK>E,12_220407,165
RK>E,13_220407,126
RK>E,13_220906,473
RK>E,14_220906,224
RK>E,15_220407,215
RK>E,15_220906,148
RK>E,5_220421,195
RK>E,6_220407,38
RK>E,6_220421,783
RK>E,7_220421,346
RK>E,8_220421,279
WT,11_220407,464
WT,1_220407,351
WT,1_220421,756
WT,1_220906,336
WT,2_220421,257
WT,2_220906,352
WT,3_220407,642
WT,3_220421,66
WT,3_220906,291
WT,4_220421,292
