Index,ADseq,Variant_Name,SystematicName,Activity_Mean_MSS18,Activity_std_MSS18,Biological_Replicate_1_Activity,Biological_Replicate_2_Activity,Biological_Replicate_3_Activity,Biological_Replicate_4_Activity,8_Bin_sort,WT,HandDesigned,PerturbCharge,PerturbAromatics,CITED2,Stat3,Hif1alpha,p65_L2Y,p65,VP16 H1,CorrectedPvalues_FDR_5percent,SigDiffFromWT,ree (nm),activity,-log10_p-values,normalized_activity,log2_FC,color,$R_{e}$ Normalized,status,Rg,Re,Asphericity,NCPR,FCR,kappa,hy_KD,hy_clust,aro_clust,AEM clustering,SCD,SHD,Aromatic Fraction,Negative Charge Fraction,AEM Fraction
0.0,ALLGQSMAASGLPQLTSYACAVNAPIQGSANLLQGAALLAALAQVN,EDKR>A,"R781A,D788A,E789A,D799A,E801A,R810A,E816A,E817A,R820A,D823A",2123.98545,988.6295631,2589.385071,1699.308038,2911.429186,1610.98789,893.9784967,False,False,True,False,False,False,True,False,False,False,0.68556134,FALSE,4.692765689106971,123.98545000000011,0.1639536810178588,0.1781742809172015,-2.4886389929943067,"(0.5, 0.5, 0.5, 0.5)",1.00495621051366,neutral,19.443335045935374,46.92765689106971,0.44385818,0.7352316704149001,0.0,-1.0,5.26304347826087,0.11229215562343597,0.3523663878440857,-1.0,0.0,3.611160203812411,0.021739130434782608,0.0,0.2391304347826087
1.0,ALLGQSMDESGLPQLTSYDCEVNAPIQGSANLLQGEELLAALDQVN,RK>A,"R781A,R810A,R820A",3614.586555,1507.208525,5566.727883,1887.337054,3091.531077,3060.88809,3551.610101,False,False,True,False,False,False,True,False,False,False,0.520155083,FALSE,4.814680311115234,1614.586555,0.2838671531925743,2.320254500957221,1.214283058426758,"(0.5, 0.5, 0.5, 0.5)",1.031064238200622,neutral,19.806289529211348,48.14680311115234,0.45408344,0.8290657065938675,0.15217391304347827,-1.0,4.4565217391304355,0.09348777681589127,0.3523663878440857,0.14655213057994843,1.712988891602716,3.380962590528246,0.021739130434782608,0.15217391304347827,0.3913043478260869
9.0,DLLGQSMDESGLPQLTSYDCEVNAPIQGSDNLLQGEELLDALDQVN,RK>D,"R781D,R810D,R820D",4858.260837,808.6846182,4481.134835,3525.336929,4898.167448,4899.580175,5572.246233,False,False,True,False,False,False,True,False,False,False,0.022198806,TRUE,4.9619403158510025,2858.260837,1.6536703841780378,4.107486558352397,2.038255853999435,indigo,1.0625999819653278,activating,20.212734127866693,49.619409626643936,0.46119073,0.8233051585307822,0.21739130434782608,-1.0,4.110869565217392,0.07958407700061798,0.3523663878440857,0.075754813849926,3.8281806191144874,3.278110685555487,0.021739130434782608,0.21739130434782608,0.45652173913043476
18.0,ELLGQSFDESGLPQLTSYDCEVNAPIQGSDNLLQGEELLRALDQVN,supercharge4,"R781E,M787F,R810D",3320.49493,744.881313,3777.987933,2820.194937,3619.878115,2771.094284,2698.480816,False,True,False,False,False,False,True,False,False,False,0.175952206,FALSE,4.829066411151825,1320.4949299999998,0.7546052838295212,1.8976277829984096,0.9241970375200595,"(0.5, 0.5, 0.5, 0.5)",1.0341450228667732,neutral,19.755540550551146,48.2906673455852,0.45186013,0.8429226837179269,0.21739130434782605,0.18063675612211227,4.108695652173913,0.15098907053470612,0.269192099571228,0.06608523428440094,2.3048123354395544,3.2620025442717804,0.043478260869565216,0.19565217391304346,0.4565217391304347
19.0,ELLGQSFDESGLPQLTSYDCEVNAPIQGSRNLLQGEELLEWLDQVN,supercharge5,"R781E,M787F,R820E,A821W",2494.043733,322.3720687,2337.397564,2044.720935,2482.581353,2483.194155,2207.486089,False,True,False,False,False,False,True,False,False,False,0.633743258,FALSE,4.719332902330131,494.043733,0.1980866478226653,0.7099694913308363,-0.4941710641452379,"(0.5, 0.5, 0.5, 0.5)",1.0106455817061382,neutral,19.33746301305813,47.19332902330131,0.4429788,0.8496878706518983,0.21739130434782605,0.25684862583875656,4.05,0.1501869559288025,0.25943195819854736,0.07620061933994293,2.400447965125387,3.2864562585403343,0.06521739130434782,0.19565217391304346,0.4782608695652173
20.0,ELLGQSMDESGLPQLTSYDCEVNAPIQGSEFLLQGEELLDALDQVN,supercharge6,"R781E,R810E,N811F,R820D",4746.673271,996.5202333,4206.453178,4034.104464,4845.945897,3787.499296,5944.524954,False,True,False,False,False,False,True,False,False,False,0.028818004,TRUE,4.93504516823859,2746.673271,1.540336102696396,3.9471287556315873,1.980803580817404,indigo,1.05684038359277,activating,20.111950899343373,49.350454916452854,0.45928717,0.8371621356548417,0.21739130434782608,-1.0,4.247826086956522,0.07958407700061798,0.3227770924568176,0.0752963125705719,3.8281806191144874,3.3591026542931517,0.043478260869565216,0.21739130434782608,0.47826086956521735
21.0,ELLGQSMDESGLPQLTSYDCEVNAPIQGSENLLQGEELLEALDQVN,RK>E,"R781E,R810E,R820E",4023.235602,1052.081684,3416.200345,2816.94729,3871.357402,5883.939992,3212.894411,False,False,True,False,False,False,True,False,False,False,0.169296431,FALSE,4.965429550688913,2023.235602,0.7713521973154228,2.907506876915244,1.539782604004525,"(0.5, 0.5, 0.5, 0.5)",1.0633472019316768,neutral,20.181577126820784,49.654292272822175,0.46024463,0.8187953106887449,0.2173913043478261,-1.0,4.110869565217392,0.07958407700061798,0.3523663878440857,0.075754813849926,3.8281806191144874,3.3017783114156978,0.021739130434782608,0.2173913043478261,0.4565217391304348
22.0,ELLGQSMDESGLPQLTSYDFEVNAPIQGSRNLLFGEELLRALDQVN,supercharge2,"R781E,C800F,Q814F",2539.359311,631.674353,2285.998546,2260.37112,1614.746784,3755.370623,1865.470915,False,True,False,False,False,False,True,False,False,False,0.995303254,FALSE,4.675887740481437,539.3593110000002,0.0020445760652961,0.775090604529985,-0.3675631302220103,"(0.5, 0.5, 0.5, 0.5)",1.0013417962395077,neutral,19.216111118700063,46.75887740481438,0.43786675,0.8572819802774295,0.21739130434782608,0.23758898675441742,4.210869565217391,0.07958407700061798,0.2915417551994324,0.10274849832057953,1.1520603475520534,3.303954635712952,0.06521739130434782,0.17391304347826086,0.4565217391304347
23.0,ELLGQSMDESGLPQLTSYDWEVNAPIQGSRNLLQGEELLRALDQVN,supercharge1,"R781E,C800W",2363.605529,509.3553188,2409.267634,1513.345639,1891.569523,3013.643138,2075.363141,False,True,False,False,False,False,True,False,False,False,0.554797166,FALSE,4.6544267955737615,363.60552899999993,0.2558657660445084,0.5225222287542095,-0.9364356823228964,"(0.5, 0.5, 0.5, 0.5)",0.9967459328835928,neutral,19.15772003982484,46.544267955737624,0.43642318,0.8491855512164552,0.21739130434782608,0.23758898675441742,3.993478260869565,0.07958407700061798,0.2911311388015747,0.09207087755203247,1.1520603475520534,3.2427582675937954,0.043478260869565216,0.17391304347826086,0.4347826086956521
26.0,FLLGQSMDESGLPQLTSYDCEVNAPWQGSRNLLQGEELLFALDQVN,supercharge3,"R781F,I806W,R820F",2572.228304,550.7859228,2408.147034,1894.106681,2426.283089,2216.218562,3001.547586,False,True,False,False,False,False,True,False,False,False,0.479112673,FALSE,4.543758641402031,572.2283040000002,0.3195623414750254,0.8223252533718252,-0.2822189605727844,"(0.5, 0.5, 0.5, 0.5)",0.973046337333974,neutral,18.91671413626016,45.43758641402031,0.43346092,0.8673419025887233,0.17391304347826086,0.3027537614107132,4.245652173913044,0.1282716989517212,0.20296639204025269,0.16180817782878876,1.1849365312886637,3.3405383151559374,0.08695652173913043,0.15217391304347827,0.4565217391304347
42.0,KLLGQSMDESGLPQLTSYDCEVNAPIQGSKNLLQGEELLKALDQVN,RK>K,"R781K,R810K,R820K",2529.103851,624.2494925,2991.891757,2354.677977,1737.578038,2046.951097,2599.581819,False,False,True,False,False,False,True,False,False,False,0.556521797,FALSE,4.7902844504457605,529.1038509999998,0.2545178212098866,0.7603529138495448,-0.3952589014846466,"(0.5, 0.5, 0.5, 0.5)",1.0258398623602676,neutral,19.788214328999018,47.902850972591516,0.45148888,0.8534849254646639,0.2173913043478261,0.29273073375225067,4.084782608695653,0.07958407700061798,0.3523663878440857,0.14655213057994843,0.24094674955621778,3.317848921567689,0.021739130434782608,0.15217391304347827,0.3913043478260869
222.0,RAAGQSMDESGAAAATSYDCEVNAPIQGSRNLLQGEELLRALDQVN,killmotif_LPQL_A_plus2As,"L782A,L783A,L792A,P793A,Q794A,L795A",2350.929574,625.9798516,2626.16385,1537.061972,1819.528227,3125.45893,1731.596326,False,True,False,False,False,False,True,False,False,False,0.633743258,FALSE,4.559596190688092,350.9295739999998,0.1980866478226653,0.5043061464069355,-0.9876282861363104,"(0.5, 0.5, 0.5, 0.5)",0.97643794999243,neutral,19.1072766804919,45.59596190688092,0.44939896,0.8561474097186696,0.2173913043478261,0.29273073375225067,4.060869565217391,0.06894152611494064,0.6704596281051636,0.13802915811538696,0.24094674955621778,3.068602502744999,0.021739130434782608,0.15217391304347827,0.3043478260869565
223.0,RAAGQSMDESGGGGGTSYDCEVNAPIQGSRNLLQGEELLRALDQVN,killmotif_LPQL_G_plus2As,"L782A,L783A,L792G,P793G,Q794G,L795G",2614.588954,591.9414937,2157.374721,2805.971006,3041.436522,2478.493178,1674.830774,False,True,False,False,False,False,True,False,False,False,0.782062501,FALSE,4.508828131032854,614.5889539999998,0.1067585375351115,0.8831999636941669,-0.1791879820763601,"(0.5, 0.5, 0.5, 0.5)",0.9655659652767457,neutral,18.936163814928427,45.08828777846245,0.44858763,0.8561474097186698,0.2173913043478261,0.29273073375225067,3.869565217391305,0.2719009220600128,0.6704596281051636,0.13802915811538696,0.24094674955621778,3.031892716882843,0.021739130434782608,0.15217391304347827,0.3043478260869565
227.0,RFFGQSMDESGFPQFTSYDCEFNAPFQGSRNFFQGEEFFRAFDQFN,IVL>F,"L782F,L783F,L792F,L795F,V802F,I806F,L812F,L813F,L818F,L819F,L822F,V825F",2352.049397,421.6082185,1887.363797,2827.252701,1351.123876,2501.955743,2277.712303,False,False,False,True,False,False,True,False,False,False,0.536076809,FALSE,3.1937918257300453,352.0493970000002,0.270772980204615,0.5059153969906098,-0.9830319482031844,"(0.5, 0.5, 0.5, 0.5)",0.6839508177033995,neutral,16.407241499445536,31.937918257300453,0.34234574,0.790659578911138,0.2173913043478261,0.29273073375225067,3.7521739130434786,0.6436561346054077,0.12297330796718597,0.1117754578590393,0.24094674955621778,3.216304843915162,0.2826086956521739,0.15217391304347827,0.45652173913043476
228.0,RFFGQSMDESGFPQFTSYDCEVNAPIQGSRNFFQGEEFFRAFDQVN,L>F,"L782F,L783F,L792F,L795F,L812F,L813F,L818F,L819F,L822F",2345.143836,276.9543918,2205.958065,2114.940695,1559.948881,2718.321863,2211.71111,False,False,False,True,False,False,True,False,False,False,0.209283382,FALSE,3.6878906346975833,345.1438360000002,0.6792652551406604,0.4959917054162768,-1.0116121005954997,"(0.5, 0.5, 0.5, 0.5)",0.789762123780738,neutral,17.205614587228037,36.878906346975825,0.3869951,0.8534849254646639,0.2173913043478261,0.29273073375225067,3.8500000000000005,0.6392888426780701,0.3523663878440857,0.14655213057994843,0.24094674955621778,3.1924803556253036,0.2173913043478261,0.15217391304347827,0.3913043478260869
229.0,RLLGDDMDEDGLPDLDDYDCEVDAPIDGDRDLLDGEELLRALDDVD,STQN>D,"Q785D,S786D,S790D,Q794D,T796D,S797D,N803D,Q807D,S809D,N811D,Q814D,Q824D,N826D",2227.109314,591.0309207,2483.093768,2219.78822,1043.652023,2083.875242,2390.29875,False,False,True,False,False,False,True,False,False,False,0.181221555,FALSE,5.428693148272579,227.1093139999998,0.7417901473832089,0.3263692530982375,-1.6154229459483855,"(0.5, 0.5, 0.5, 0.5)",1.1625551446118925,neutral,21.763433658124274,54.28693148272579,0.49898243,0.6780369402365857,0.5,0.2708001285791397,3.75,0.07958407700061798,0.3523663878440857,0.12652336061000824,10.39475143279245,2.9498466315197858,0.021739130434782608,0.43478260869565216,0.6521739130434783
230.0,RLLGDSMDESGLPDLTSYDCEVDAPIDGSRDLLDGEELLRALDDVD,QN>D,"Q785D,Q794D,N803D,Q807D,N811D,Q814D,Q824D,N826D",2427.442903,306.4764542,1701.221581,2681.850383,2270.374063,2282.196737,2286.733185,False,False,True,False,False,False,True,False,False,False,0.633743258,FALSE,5.124950873471739,427.4429030000001,0.1980866478226653,0.6142602367873495,-0.7030780992567275,"(0.5, 0.5, 0.5, 0.5)",1.0975087081010724,neutral,20.909853430383897,51.24950873471739,0.4793507,0.7683058916668276,0.391304347826087,0.21645498275756836,4.0456521739130435,0.07958407700061798,0.3523663878440857,0.10280868411064148,5.0965843820198105,3.0799098296300116,0.021739130434782608,0.32608695652173914,0.5652173913043478
231.0,RLLGEEMDEEGLPELEEYDCEVEAPIEGERELLEGEELLRALDEVE,STQN>E,"Q785E,S786E,S790E,Q794E,T796E,S797E,N803E,Q807E,S809E,N811E,Q814E,Q824E,N826E",4005.022837,2373.698579,5538.682056,3432.708856,5732.600168,490.0477161,3916.236822,False,False,True,False,False,False,True,False,False,False,0.549602282,FALSE,5.445860222483903,2005.022837,0.2599514727135165,2.881334077547342,1.5267369441071252,"(0.5, 0.5, 0.5, 0.5)",1.1662314751572391,neutral,21.78453917907358,54.45860869297294,0.49980503,0.6667609956249408,0.5,0.2708001285791397,3.75,0.07958407700061798,0.3523663878440857,0.12652336061000824,10.39475143279245,3.0621726028021037,0.021739130434782608,0.43478260869565216,0.6521739130434783
232.0,RLLGESMDESGLPELTSYDCEVEAPIEGSRELLEGEELLRALDEVE,QN>E,"Q785E,Q794E,N803E,Q807E,N811E,Q814E,Q824E,N826E",3827.457734,1495.4053,5563.814188,3112.597956,2109.201264,2932.12313,4504.713565,False,False,True,False,False,False,True,False,False,False,0.439163025,FALSE,5.1401322305726005,1827.457734,0.3573742321154477,2.6261627284655447,1.3929563146605384,"(0.5, 0.5, 0.5, 0.5)",1.1007597971417953,neutral,20.660915977611715,51.401322305726005,0.47926077,0.7596508892856965,0.391304347826087,0.21645498275756836,4.0456521739130435,0.07958407700061798,0.3523663878440857,0.10280868411064148,5.0965843820198105,3.1471791524282393,0.021739130434782608,0.32608695652173914,0.5652173913043478
233.0,RLLGFSMDESGLPFLTSYDCEVFAPIFGSRFLLFGEELLRALDFVF,NQ>F,"Q785F,Q794F,N803F,Q807F,N811F,Q814F,Q824F,N826F",2387.743963,412.0994148,2507.247363,2538.412981,1967.839452,2233.781451,1776.600003,False,False,False,True,False,False,True,False,False,False,0.36754825,FALSE,4.4513306248573405,387.7439629999999,0.4346856407069318,0.5572105580736363,-0.8437055003793412,"(0.5, 0.5, 0.5, 0.5)",0.9532528689603758,neutral,18.456218576583407,44.513306248573414,0.41527975,0.8150787977819345,0.2173913043478261,0.29273073375225067,5.141304347826088,0.07958407700061798,0.07923772931098938,0.16609163582324982,0.24094674955621778,3.5964717898830343,0.19565217391304346,0.15217391304347827,0.5652173913043478
234.0,RLLGKKMDEKGLPKLKKYDCEVKAPIKGKRKLLKGEELLRALDKVK,STQN>K,"Q785K,S786K,S790K,Q794K,T796K,S797K,N803K,Q807K,S809K,N811K,Q814K,Q824K,N826K",2885.789144,1994.946169,815.3758796,5505.872784,1754.156947,4563.994947,874.7065929,False,False,True,False,False,False,True,False,False,False,0.720042162,FALSE,5.103058180625551,885.7891439999999,0.1426420727522812,1.272930362203495,0.3481534963392634,"(0.5, 0.5, 0.5, 0.5)",1.0928203858838104,neutral,20.61988860421869,51.03058827438942,0.47092146,0.7340676702288201,0.5,0.1995759978890419,3.6369565217391306,0.07958407700061798,0.3523663878440857,0.14655213057994843,2.6874277868566976,3.1384433240431706,0.021739130434782608,0.15217391304347827,0.3695652173913043
235.0,RLLGKSMDESGLPKLTSYDCEVKAPIKGSRKLLKGEELLRALDKVK,QN>K,"Q785K,Q794K,N803K,Q807K,N811K,Q814K,Q824K,N826K",2512.493072,518.009694,2794.390072,2034.766227,2415.53735,2634.733793,1768.19935,False,False,True,False,False,False,True,False,False,False,0.956712107,FALSE,4.921621203121156,512.4930720000002,0.0192187300929623,0.736482261254426,-0.4412773176350165,"(0.5, 0.5, 0.5, 0.5)",1.0539656402093962,neutral,20.031776762491745,49.21621849934547,0.45578519,0.8150787977819345,0.391304347826087,0.2071795091032982,3.976086956521739,0.07958407700061798,0.3523663878440857,0.14655213057994843,0.1375973329464992,3.1928558530936963,0.021739130434782608,0.15217391304347827,0.3913043478260869
236.0,RLLGQDMDEDGLPQLDDYDCEVNAPIQGDRNLLQGEELLRALDQVN,ST>D,"S786D,S790D,T796D,S797D,S809D",2629.565416,407.2911766,1749.432909,3221.083179,2155.302137,2763.636976,2343.533312,False,False,True,False,False,False,True,False,False,False,0.998799555,FALSE,4.791303828350024,629.5654159999999,0.0005216598139693,0.904722007994799,-0.1444535284341395,"(0.5, 0.5, 0.5, 0.5)",1.026058162233651,neutral,19.828780847850933,47.91303504943328,0.4534434,0.7969224464096663,0.32608695652173914,0.32086749374866486,3.75,0.07958407700061798,0.3523663878440857,0.11760834604501724,2.2629091102010586,3.0375985667642884,0.021739130434782608,0.2608695652173913,0.4782608695652174
237.0,RLLGQEMDEEGLPQLEEYDCEVNAPIQGERNLLQGEELLRALDQVN,ST>E,"S786E,S790E,T796E,S797E,S809E",2468.357529,433.1611933,2491.862141,2749.834855,1478.963377,2529.278676,2177.010027,False,False,True,False,False,False,True,False,False,False,0.633743258,FALSE,4.805861657341933,468.3575289999999,0.1980866478226653,0.6730569267743295,-0.5711995625603106,"(0.5, 0.5, 0.5, 0.5)",1.0291757226716194,neutral,19.902325147444508,48.05861657341933,0.4551764,0.7904629073428949,0.32608695652173914,0.32086749374866486,3.75,0.07958407700061798,0.3523663878440857,0.11760834604501724,2.2629091102010586,3.082655215248378,0.021739130434782608,0.2608695652173913,0.4782608695652174
238.0,RLLGQGMDESGLPQLTSYDCEVNAPIQGSRNLLQGEELLRALDQVN,breakhelix1G,S786G,2822.740906,678.3333401,3416.051184,2473.50724,2401.752682,2211.100995,2696.453864,False,True,False,False,False,False,True,False,False,False,0.750952511,FALSE,4.658508511477857,822.740906,0.1243875261952429,1.1823263883602213,0.2416283552009207,"(0.5, 0.5, 0.5, 0.5)",0.997620032725589,neutral,19.3868730879989,46.585085114778565,0.44588596,0.851651363902218,0.2173913043478261,0.29273073375225067,4.054347826086956,0.07958407700061798,0.3523663878440857,0.14655213057994843,0.24094674955621778,3.173017011050656,0.021739130434782608,0.15217391304347827,0.3913043478260869
239.0,RLLGQKMDEKGLPQLKKYDCEVNAPIQGKRNLLQGEELLRALDQVN,ST>K,"S786K,S790K,T796K,S797K,S809K",2370.193777,813.9131315,3272.989798,2385.13839,1453.047356,1890.299599,1934.655177,False,False,True,False,False,False,True,False,False,False,0.633743258,FALSE,4.682047991217607,370.193777,0.1980866478226653,0.5319899231482227,-0.91052917615671,"(0.5, 0.5, 0.5, 0.5)",1.0026610145098775,neutral,19.50588351788144,46.82047991217606,0.44301254,0.8353285740923959,0.32608695652173914,0.19148105382919312,3.7065217391304355,0.07958407700061798,0.3523663878440857,0.14655213057994843,-0.48542748666137747,3.1132492358239894,0.021739130434782608,0.15217391304347827,0.3695652173913043
240.0,RLLGQPMDESGLPQLTSYDCEVNAPIQGSRNLLQGEELLRALDQVN,breakhelix1P,S786P,3063.359841,492.9042155,3139.847776,3335.879689,2451.275341,2557.534849,2917.422983,False,True,False,False,False,False,True,False,False,False,0.283384963,FALSE,4.7517039721110015,1063.359841,0.5476231980525033,1.5281097501876602,0.6117481627227588,"(0.5, 0.5, 0.5, 0.5)",1.0175778493223906,neutral,19.526867761319927,47.517039721110024,0.44020462,0.8559507381504267,0.2173913043478261,0.29273073375225067,4.028260869565218,0.07958407700061798,0.3523663878440857,0.14655213057994843,0.24094674955621778,3.2078261111955837,0.021739130434782608,0.15217391304347827,0.3913043478260869
241.0,RLLGQRMDERGLPQLRRYDCEVNAPIQGRRNLLQGEELLRALDQVN,ST>R,"S786R,S790R,T796R,S797R,S809R",2627.601812,602.415548,2775.451654,2602.242496,2777.567645,2029.891758,2038.01694,False,False,True,False,False,False,True,False,False,False,0.904454852,FALSE,4.508577167437134,627.6018119999999,0.0436131070978533,0.9019001951876822,-0.1489603020656725,"(0.5, 0.5, 0.5, 0.5)",0.9655122213992884,neutral,18.982763485685176,45.0857749084383,0.4270734,0.7969224464096663,0.32608695652173914,0.19148105382919312,3.641304347826087,0.07958407700061798,0.3523663878440857,0.14655213057994843,-0.48542748666137747,2.827334207171879,0.021739130434782608,0.15217391304347827,0.3695652173913043
242.0,RLLGQSFDESGLPQLTSYDCEVNAPIQGSRNLLQGEELLRALDQVN,M>F,M787F,2727.365732,339.9525575,2647.164136,2705.606337,2082.883576,2503.688571,2782.647472,False,False,False,True,False,False,True,False,False,False,0.998799555,FALSE,4.608169612507568,727.3657320000002,0.0005216598139693,1.0452667330151553,0.0638711387609133,"(0.5, 0.5, 0.5, 0.5)",0.9868399528106598,neutral,19.279400191978855,46.08169935914262,0.44347,0.8534849254646639,0.2173913043478261,0.29273073375225067,4.065217391304348,0.15098907053470612,0.269192099571228,0.12033293396234512,0.24094674955621778,3.18422641644642,0.043478260869565216,0.15217391304347827,0.4130434782608695
243.0,RLLGQSFDESGLPQLTSYDCEVNFPIQGSRNLLQGEELLRFLDQVN,MA>F,"M787F,A804F,A821F",2458.272262,402.646181,2273.72492,2386.015928,2182.493937,1979.480573,2554.807383,False,False,False,True,False,False,True,False,False,False,0.283384963,FALSE,4.522113678084608,458.272262,0.5476231980525033,0.658563813303491,-0.6026048538345884,"(0.5, 0.5, 0.5, 0.5)",0.9684110664184292,neutral,19.031352107619337,45.221136780846074,0.43684006,0.8396279483406045,0.2173913043478261,0.29273073375225067,4.108695652173913,0.16143694519996643,0.12140528112649918,0.10210009664297104,0.24094674955621778,3.242845653534788,0.08695652173913043,0.15217391304347827,0.45652173913043476
244.0,RLLGQSMAASGLPQLTSYACAVNAPIQGSRNLLQGAALLRALAQVN,ED>A,"D788A,E789A,D799A,E801A,E816A,E817A,D823A",2744.770883,335.9294491,2516.938597,2778.86416,2674.124858,2816.029931,2023.058302,False,False,True,False,False,False,True,False,False,False,0.439163025,FALSE,4.651801056612877,744.7708830000001,0.3573742321154477,1.0702789442357483,0.0979868517840558,"(0.5, 0.5, 0.5, 0.5)",0.9961836306399386,neutral,19.34170934297024,46.518013800195725,0.43831807,0.7842000398443666,0.06521739130434782,-1.0,4.852173913043479,0.04351329430937767,0.3523663878440857,-1.0,0.32157479273263656,3.3978593781586794,0.021739130434782608,0.0,0.2391304347826087
245.0,RLLGQSMAASGLPQLTSYACAVNAPIQGSRNLLQGEELLRALDQVN,ED>Amut7to29,"D788A,E789A,D799A,E801A",2133.932217,437.5484442,1625.767909,1903.691097,1705.701151,3062.789211,1456.873149,False,False,True,False,False,False,True,False,False,False,0.439163025,FALSE,4.63534159625134,133.93221700000004,0.3573742321154477,0.19246836185715,-2.377306781251803,"(0.5, 0.5, 0.5, 0.5)",0.992658835666598,neutral,19.24907434614042,46.35340949437949,0.4410392,0.8396279483406045,0.13043478260869565,0.336564838886261,4.506521739130435,0.025500182062387466,0.3523663878440857,0.1573512852191925,-0.27552245448712903,3.3066456629019614,0.021739130434782608,0.06521739130434782,0.3043478260869565
246.0,RLLGQSMDDSGLPQLTSYDCDVNAPIQGSRNLLQGDDLLRALDQVN,ED>D,"E789D,E801D,E816D,E817D",2115.632626,569.2620959,2268.874801,1617.951023,1492.958844,1754.713368,2528.826525,False,False,True,False,False,False,True,False,False,False,0.022198806,FALSE,4.657045742994042,115.63262600000007,1.6536703841780378,0.1661707884926634,-2.5892613048415782,violet,0.9973067807181928,deactivating,19.41076637466354,46.570457429940426,0.44587454,0.8187953106887449,0.2173913043478261,0.29273073375225067,4.0456521739130435,0.07958407700061798,0.3523663878440857,0.14655213057994843,0.24094674955621778,3.131718158692965,0.021739130434782608,0.15217391304347827,0.3913043478260869
247.0,RLLGQSMDDSGLPQLTSYDCDVNAPIQGSRNLLQGEELLRALDQVN,ED>Dmut7to29,"E789D,E801D",2855.831923,1263.316111,3714.933729,3943.32357,1053.124837,1931.347028,2721.591881,False,False,True,False,False,False,True,False,False,False,0.904454852,FALSE,4.662623861678284,855.8319230000002,0.0436131070978533,1.2298800985640712,0.298517673581804,"(0.5, 0.5, 0.5, 0.5)",0.9985013353552852,neutral,19.37559913059325,46.626241850849794,0.44596758,0.8491855512164552,0.2173913043478261,0.29273073375225067,4.0456521739130435,0.07958407700061798,0.3523663878440857,0.14655213057994843,0.24094674955621778,3.149466451019565,0.021739130434782608,0.15217391304347827,0.3913043478260869
248.0,RLLGQSMDEDGLPDLDDYDCEVDAPIDGDRNLLQGEELLRALDQVN,STQN>Dmut7to29,"S790D,Q794D,T796D,S797D,N803D,Q807D,S809D",2573.558133,1254.187375,4332.62938,2079.231865,1887.754242,1907.676428,1745.660184,False,False,True,False,False,False,True,False,False,False,0.99765614,FALSE,4.897017068539771,573.558133,0.0010191202690783,0.8242362947546471,-0.278870101652774,"(0.5, 0.5, 0.5, 0.5)",1.0486966624913583,neutral,20.29133489114464,48.97017391946466,0.46742272,0.7988859396599859,0.3695652173913044,0.2983923405408859,3.808695652173914,0.07958407700061798,0.3523663878440857,0.1272226721048355,3.338088973557235,3.02129039945163,0.021739130434782608,0.30434782608695654,0.5217391304347826
249.0,RLLGQSMDEDGLPQLDDYDCEVNAPIQGDRNLLQGEELLRALDQVN,ST>Dmut7to29,"S790D,T796D,S797D,S809D",2616.118393,288.1830476,2347.948084,2803.233867,2399.920355,2493.95167,2120.69942,False,False,True,False,False,False,True,False,False,False,0.942210952,FALSE,4.748390993922149,616.1183930000002,0.0258518519492792,0.8853978562213286,-0.1756022145875699,"(0.5, 0.5, 0.5, 0.5)",1.0168683747338954,neutral,19.741297719680666,47.483909939221476,0.45384312,0.8187953106887449,0.30434782608695654,0.30399107933044434,3.808695652173914,0.07958407700061798,0.3523663878440857,0.10707799345254898,1.6528811520332698,3.0591187226943437,0.021739130434782608,0.2391304347826087,0.4565217391304348
250.0,RLLGQSMDEEGLPELEEYDCEVEAPIEGERNLLQGEELLRALDQVN,STQN>Emut7to29,"S790E,Q794E,T796E,S797E,N803E,Q807E,S809E",2231.679535,430.043782,1640.485195,2363.389634,1676.165559,1923.335541,2640.183178,False,False,True,False,False,False,True,False,False,False,0.08406436,FALSE,4.909497979733084,231.6795350000002,1.0753880890529657,0.3329369256784295,-1.586679207771022,"(0.5, 0.5, 0.5, 0.5)",1.0513694507888232,neutral,20.402552836698746,49.09498303139779,0.4689859,0.7908915489751781,0.3695652173913044,0.2983923405408859,3.808695652173914,0.07958407700061798,0.3523663878440857,0.1272226721048355,3.338088973557235,3.0866041208433304,0.021739130434782608,0.30434782608695654,0.5217391304347826
251.0,RLLGQSMDEEGLPQLEEYDCEVNAPIQGERNLLQGEELLRALDQVN,ST>Emut7to29,"S790E,T796E,S797E,S809E",3144.983399,593.1392439,3292.226143,2698.265785,2939.557285,3779.931722,2100.097495,False,False,True,False,False,False,True,False,False,False,0.05269065,FALSE,4.760117073888128,1144.9833990000002,1.2782664438703313,1.6454075359565024,0.7184449561705007,"(0.5, 0.5, 0.5, 0.5)",1.0193795158535437,neutral,19.8086148233521,47.60117073888128,0.45608234,0.8132452362194884,0.30434782608695654,0.30399107933044434,3.808695652173914,0.07958407700061798,0.3523663878440857,0.10707799345254898,1.6528811520332698,3.096142501914218,0.021739130434782608,0.2391304347826087,0.4565217391304348
252.0,RLLGQSMDEFGLPQLTEYDFEVNAPIQGSRNLLQGEELLEALDQVN,superchargeB,"S790F,S797E,C800F,R820E",2602.625843,305.8529917,1960.167572,2379.535606,2400.020804,2517.098423,2841.468244,False,True,False,False,False,False,True,False,False,False,0.633743258,FALSE,4.643576500939236,602.6258429999998,0.1980866478226653,0.866008279508985,-0.2075472769221358,"(0.5, 0.5, 0.5, 0.5)",0.994422341274453,neutral,19.437402150106152,46.4357553071915,0.44534588,0.8496878706518983,0.23913043478260868,0.3374997675418854,4.093478260869565,0.07958407700061798,0.23239244520664215,0.08516396582126617,1.3889644400318883,3.290415359637339,0.06521739130434782,0.19565217391304346,0.4782608695652173
253.0,RLLGQSMDEKGLPKLKKYDCEVKAPIKGKRNLLQGEELLRALDQVN,STQN>Kmut7to29,"S790K,Q794K,T796K,S797K,N803K,Q807K,S809K",2434.620191,680.6642934,2923.183927,2771.401538,1553.414929,2509.60924,1500.652752,False,False,True,False,False,False,True,False,False,False,0.922918999,FALSE,4.744518522150052,434.620191,0.0348364136339081,0.6245744158167086,-0.6790546208383822,"(0.5, 0.5, 0.5, 0.5)",1.0160390845423053,neutral,19.81526891611232,47.44518522150052,0.44909063,0.8432145295595413,0.3695652173913044,0.2409159541130066,3.7478260869565223,0.07958407700061798,0.3523663878440857,0.14655213057994843,-0.36423479660945096,3.1309529440105273,0.021739130434782608,0.15217391304347827,0.3695652173913043
255.0,RLLGQSMDERGLPQLRRYDCEVNAPIQGRRNLLQGEELLRALDQVN,ST>Rmut7to29,"S790R,T796R,S797R,S809R",2380.619427,715.4605118,3102.082952,2062.91768,2110.900635,1903.496713,1808.860589,False,False,True,False,False,False,True,False,False,False,0.633743258,FALSE,4.530196905032308,380.6194270000001,0.1980866478226653,0.5469721867270897,-0.870460620354132,"(0.5, 0.5, 0.5, 0.5)",0.970142090224058,neutral,19.034351704720237,45.30196905032308,0.42934662,0.8187953106887449,0.30434782608695654,0.21796458959579468,3.7217391304347838,0.07958407700061798,0.3523663878440857,0.14655213057994843,-0.4525618751821311,2.886341086334933,0.021739130434782608,0.15217391304347827,0.3695652173913043
258.0,RLLGQSMDESGAAAATSYDCEVNAPIQGSRNLLQGEELLRALDQVN,killmotif_LPQL_A,"L792A,P793A,Q794A,L795A",2294.619015,306.578285,2042.258623,2450.511355,1838.848703,1999.609977,2227.027851,False,True,False,False,False,False,True,False,False,False,0.124145644,FALSE,4.584335185861507,294.6190150000002,0.9060685142886526,0.4233846079693965,-1.2399592733686493,"(0.5, 0.5, 0.5, 0.5)",0.9817358081188438,neutral,19.114089242532923,45.84335185861507,0.44891053,0.8584027488106036,0.2173913043478261,0.29273073375225067,4.147826086956522,0.06894152611494064,0.5406795740127563,0.16306690871715546,0.24094674955621778,3.1067573300685907,0.021739130434782608,0.15217391304347827,0.34782608695652173
259.0,RLLGQSMDESGAPQATSADCEVNAPIQGSRNLLQGEELLRALDQVN,killmotif2,"L792A,L795A,Y798A",2165.460551,335.7551952,2298.147907,1992.959805,1717.222011,2101.62216,1802.512305,False,True,False,False,False,False,True,False,False,False,0.013606103,FALSE,4.686232873857569,165.46055100000012,1.866266245696316,0.237776405978193,-2.072322528109116,violet,1.0035572075179928,deactivating,19.416862590874,46.86232550450874,0.45153567,0.8498040003141863,0.2173913043478261,0.29273073375225067,4.026086956521739,0.04076837748289108,0.7321956753730774,0.21489620208740234,0.24094674955621778,3.0968832185452526,0.0,0.15217391304347827,0.32608695652173914
260.0,RLLGQSMDESGLPDLTSYDCEVDAPIDGSRNLLQGEELLRALDQVN,QN>Dmut7to29,"Q794D,N803D,Q807D",2277.866493,243.3638928,1969.323725,1994.507001,2172.797777,2566.923781,1770.941611,False,False,True,False,False,False,True,False,False,False,0.283384963,FALSE,4.7632554124614055,277.866493,0.5476231980525033,0.3993102624643422,-1.3244179444887616,"(0.5, 0.5, 0.5, 0.5)",1.0200515913520565,neutral,19.816311902705355,47.63255412461405,0.45654705,0.8477243774015787,0.2826086956521739,0.2400917038321495,4.0456521739130435,0.07958407700061798,0.3523663878440857,0.1350574493408203,1.226464322672382,3.1298334416318028,0.021739130434782608,0.21739130434782608,0.45652173913043476
261.0,RLLGQSMDESGLPELTSYDCEVEAPIEGSRNLLQGEELLRALDQVN,QN>Emut7to29,"Q794E,N803E,Q807E",4677.492571,978.3887654,5643.621597,4379.544913,3044.00848,4573.581278,4831.868018,False,False,True,False,False,False,True,False,False,False,0.028818004,FALSE,4.767730714313941,2677.492571,1.540336102696396,3.8477120783049448,1.944000847251756,indigo,1.021009977661662,activating,19.863713622066978,47.67730714313941,0.45682526,0.8432145295595413,0.28260869565217395,0.2400917038321495,4.0456521739130435,0.07958407700061798,0.3523663878440857,0.1350574493408203,1.226464322672382,3.1581233838036264,0.021739130434782608,0.2173913043478261,0.4565217391304348
263.0,RLLGQSMDESGLPQLTSADCEVNAPIQGSRNLLQGEELLRALDQVN,Y>A,Y798A,2636.594237,468.7228638,2796.565967,2021.978748,2570.695798,2499.805288,2379.086817,False,False,False,True,False,False,True,False,False,False,0.993758057,FALSE,4.713706272641563,636.5942369999998,0.0027193372321214,0.9148228313363338,-0.128435723186011,"(0.5, 0.5, 0.5, 0.5)",1.0094406384329395,neutral,19.53900036350217,47.13706272641563,0.4513658,0.8396279483406045,0.2173913043478261,0.29273073375225067,4.11304347826087,0.04076837748289108,0.443814218044281,0.18125848472118378,0.24094674955621778,3.1519115979002335,0.0,0.15217391304347827,0.3695652173913043
264.0,RLLGQSMDESGLPQLTSFDCEVNAPIQGSRNLLQGEELLRALDQVN,Y>F,Y798F,2301.269371,613.615068,2276.49497,1658.334323,2010.808112,1821.504278,2824.366604,False,False,False,True,False,False,True,False,False,False,0.081713591,FALSE,4.678825566903496,301.26937099999986,1.0877057034992803,0.4329415551607269,-1.207755813054942,"(0.5, 0.5, 0.5, 0.5)",1.001970932042114,neutral,19.423832005162346,46.78825566903495,0.44640046,0.8534849254646639,0.2173913043478261,0.29273073375225067,4.1347826086956525,0.07958407700061798,0.3523663878440857,0.14655213057994843,0.24094674955621778,3.183411931848797,0.021739130434782608,0.15217391304347827,0.3913043478260869
265.0,RLLGQSMDESGLPQLTSLDCEVNAPIQGSRNLLQGEELLRALDQVN,Y>L,Y798L,3238.211895,316.5622769,2830.78393,3018.8312,2752.88358,3123.804063,3549.918134,False,False,False,True,False,False,True,False,False,False,0.049328385,FALSE,4.726173277346968,1238.211895,1.3069031030067366,1.7793822905409489,0.8313764990350364,"(0.5, 0.5, 0.5, 0.5)",1.01211044865472,neutral,19.607316793862744,47.26172953940272,0.45204443,0.8298946292854273,0.2173913043478261,0.29273073375225067,4.156521739130435,0.04076837748289108,0.3523663878440857,0.14655213057994843,0.24094674955621778,3.180261898453941,0.0,0.15217391304347827,0.3913043478260869
266.0,RLLGQSMDESGLPQLTSWDCEVNAPIQGSRNLLQGEELLRALDQVN,Y>W,Y798W,3500.171529,940.9981679,4520.996322,2918.066072,3017.176222,3880.087708,2249.692754,False,False,False,True,False,False,True,False,False,False,0.048448612,FALSE,4.630815196140913,1500.1715290000002,1.314718660499193,2.155833474266808,1.1082457425022818,indigo,0.9916895066602932,activating,19.280050239436843,46.30814549327522,0.441433,0.8534849254646639,0.2173913043478261,0.29273073375225067,4.054347826086956,0.07958407700061798,0.3523663878440857,0.14655213057994843,0.24094674955621778,3.1771118650590857,0.021739130434782608,0.15217391304347827,0.3913043478260869
267.0,RLLGQSMDESGLPQLTSYDCEFNAPIQGSRNLLQGEELLRALDQFN,V>F,"V802F,V825F",2904.348926,465.312802,2915.59045,2065.271048,2619.85307,3378.702777,2627.488716,False,False,False,True,False,False,True,False,False,False,0.631726883,FALSE,4.540423671557881,904.348926,0.199470641405241,1.2996018451220963,0.3780696970615117,"(0.5, 0.5, 0.5, 0.5)",0.9723321532304434,neutral,18.98728794535543,45.40423994964576,0.42937887,0.8534849254646639,0.2173913043478261,0.29273073375225067,3.984782608695653,0.14104361832141876,0.2235002964735031,0.11311142891645432,0.24094674955621778,3.1883086479134533,0.06521739130434782,0.15217391304347827,0.4347826086956521
268.0,RLLGQSMDESGLPQLTSYDCEFNAPIQGSRNLLQGEELLRALDQVN,aro2,V802F,2729.317188,379.438164,2911.741847,2692.527103,2046.561017,2666.737014,2414.180394,False,True,False,False,False,False,True,False,False,False,0.633743258,FALSE,4.598596127506934,729.317188,0.1980866478226653,1.0480710884418727,0.0677365751428228,"(0.5, 0.5, 0.5, 0.5)",0.9847897901038408,neutral,19.213601482742867,45.985961275069336,0.43998754,0.8635448477759577,0.2173913043478261,0.29273073375225067,4.015217391304348,0.1282716691493988,0.2440173178911209,0.12326578795909882,0.24094674955621778,3.180390074076943,0.043478260869565216,0.15217391304347827,0.4130434782608695
269.0,RLLGQSMDESGLPQLTSYDCEVNAPFQGSRNLLQGEELLRALDQVN,I>F,I806F,2407.663656,370.0871706,2491.968222,2535.765875,1739.025112,2263.021557,2093.698948,False,False,False,True,False,False,True,False,False,False,0.283384963,FALSE,4.602452752350949,407.6636560000002,0.5476231980525033,0.5858363119533574,-0.7714304761811044,"(0.5, 0.5, 0.5, 0.5)",0.9856156866743024,neutral,19.21801275006969,46.02452428944253,0.4399017,0.8534849254646639,0.2173913043478261,0.29273073375225067,4.008695652173913,0.1282716989517212,0.2001391500234604,0.13915342092514038,0.24094674955621778,3.1708393701254325,0.043478260869565216,0.15217391304347827,0.4130434782608695
270.0,RLLGQSMDESGLPQLTSYDCEVNAPIQGSANLLQGAALLAALAQVN,EDKR>Amut29to46,"R810A,E816A,E817A,R820A,D823A",2487.888905,468.9336946,2836.952839,2160.648362,1709.720509,2523.603069,2293.681178,False,False,True,False,False,False,True,False,False,False,0.479112673,FALSE,4.674677552626821,487.8889049999998,0.3195623414750254,0.7011246466085799,-0.5122571441490349,"(0.5, 0.5, 0.5, 0.5)",1.001082634397439,neutral,19.472422244129987,46.74677552626821,0.44262278,0.8326522878128043,0.10869565217391304,0.5430940985679626,4.665217391304348,0.17009109258651733,0.3523663878440857,0.27348002791404724,0.016822039686282042,3.418299955255566,0.021739130434782608,0.08695652173913043,0.32608695652173914
271.0,RLLGQSMDESGLPQLTSYDCEVNAPIQGSANLLQGEELLAALDQVN,RK>Amut29to46,"R810A,R820A",4199.514204,985.4398776,5163.944895,3521.972291,3354.846964,3434.817987,4607.150319,False,False,True,False,False,False,True,False,False,False,0.048448612,FALSE,4.7410516023741325,2199.514204,1.314718660499193,3.1608294494625837,1.6603031930872003,indigo,1.015296643348565,activating,19.709451862373314,47.41050955560741,0.45357588,0.8472220579661356,0.17391304347826086,0.302753746509552,4.319565217391305,0.08170977234840393,0.3523663878440857,0.14655213057994843,1.0046024663975615,3.3270862399988452,0.021739130434782608,0.15217391304347827,0.3913043478260869
273.0,RLLGQSMDESGLPQLTSYDCEVNAPIQGSDNLLQGEELLDALDQVN,RK>Dmut29to46,"R810D,R820D",3614.118375,225.1188824,3193.779685,3707.38155,3385.166966,3444.490446,3424.934659,False,False,True,False,False,False,True,False,False,False,0.029540261,TRUE,4.796433058540891,1614.118375,1.5295856718419762,2.3195816991499134,1.213864660967949,indigo,1.0271565873579718,activating,19.97371717547943,47.96433058540891,0.45869213,0.8429226837179269,0.21739130434782605,0.25684862583875656,4.089130434782609,0.07958407700061798,0.3523663878440857,0.10887712985277176,1.9057485162897043,3.250213068432043,0.021739130434782608,0.19565217391304346,0.4347826086956521
274.0,RLLGQSMDESGLPQLTSYDCEVNAPIQGSENLLQGEELLEALDQVN,RK>Emut29to46,"R810E,R820E",4356.147799,750.4312637,3386.223768,3922.585075,5062.839707,3889.703741,4604.54814,False,False,True,False,False,False,True,False,False,False,0.081713591,FALSE,4.800836564107022,2356.1477990000003,1.0877057034992803,3.385921007839806,1.7595483161375387,"(0.5, 0.5, 0.5, 0.5)",1.0280995984861403,neutral,19.957744118787947,48.00836240700326,0.45816794,0.8396279483406044,0.21739130434782605,0.25684862583875656,4.089130434782609,0.07958407700061798,0.3523663878440857,0.10887712985277176,1.9057485162897043,3.267902633480088,0.021739130434782608,0.19565217391304346,0.4347826086956521
275.0,RLLGQSMDESGLPQLTSYDCEVNAPIQGSKNLLQGEELLKALDQVN,RK>Kmut29to46,"R810K,R820K",2813.549843,214.8517558,2739.030009,2638.31728,2334.067493,2994.960605,2446.535259,False,False,True,False,False,False,True,False,False,False,0.189948438,FALSE,4.74236333993114,813.5498429999998,0.7213642734215532,1.1691182978875914,0.2254209171586431,"(0.5, 0.5, 0.5, 0.5)",1.015577552068883,neutral,19.71173511364365,47.42363663337836,0.4501808,0.8673419025887233,0.21739130434782608,0.29273073375225067,4.071739130434783,0.07958407700061798,0.3523663878440857,0.14655213057994843,0.24094674955621778,3.2799140665373994,0.021739130434782608,0.15217391304347827,0.3913043478260869
277.0,RLLGQSMDESGLPQLTSYDCEVNAPIQGSRDLLDGEELLRALDDVD,QN>Dmut29to46,"N811D,Q814D,Q824D,N826D",3951.596786,598.6450762,3648.883621,3267.667916,3218.603022,4006.403796,4701.587008,False,False,True,False,False,False,True,False,False,False,0.006036442,TRUE,4.909578831406963,1951.596786,2.219218967847234,2.8045577443633216,1.4877732876547376,indigo,1.051386765182334,activating,20.179394131626058,49.095794782203534,0.45961845,0.836951662061013,0.30434782608695654,0.27090464532375336,4.0456521739130435,0.07958407700061798,0.3523663878440857,0.12316986173391342,1.9503589730603814,3.1307062454770573,0.021739130434782608,0.2391304347826087,0.4782608695652174
278.0,RLLGQSMDESGLPQLTSYDCEVNAPIQGSRELLEGEELLRALDEVE,QN>Emut29to46,"N811E,Q814E,Q824E,N826E",4566.954281,873.8925212,5142.250332,3452.40053,3590.102122,4616.063436,5119.116418,False,False,True,False,False,False,True,False,False,False,0.017818103,FALSE,4.914803466573006,2566.9542810000003,1.749138534894344,3.688862146038159,1.883175876063581,indigo,1.0525056212909971,activating,19.864331328855414,49.14803466573006,0.46023014,0.8314015875917565,0.30434782608695654,0.27090464532375336,4.0456521739130435,0.07958407700061798,0.3523663878440857,0.12316986173391342,1.9503589730603814,3.1619619827141134,0.021739130434782608,0.2391304347826087,0.4782608695652174
279.0,RLLGQSMDESGLPQLTSYDCEVNAPIQGSRKLLKGEELLRALDKVK,QN>Kmut29to46,"N811K,Q814K,Q824K,N826K",2239.26651,740.5295907,3019.936403,2269.412157,1345.243327,2202.296566,1444.605529,False,False,True,False,False,False,True,False,False,False,0.536076809,FALSE,4.748133238785822,239.26650999999995,0.270772980204615,0.3438398486823927,-1.5401913419125,"(0.5, 0.5, 0.5, 0.5)",1.016813176447383,neutral,19.503849289766652,47.48132915379127,0.44436663,0.8716412768369322,0.30434782608695654,0.26041240990161896,4.010869565217392,0.07958407700061798,0.3523663878440857,0.14655213057994843,-0.7184142449514453,3.183185014171373,0.021739130434782608,0.15217391304347827,0.3913043478260869
281.0,RLLGQSMDESGLPQLTSYDCEVNAPIQGSRNLLQGAALLRALAQVN,ED>Amut29to46,"E816A,E817A,D823A",2553.943971,226.7803347,2321.31169,2286.161352,2434.697881,2551.313934,2261.396432,False,False,True,False,False,False,True,False,False,False,0.720042162,FALSE,4.614812386033443,553.9439710000001,0.1426420727522812,0.79604960663807,-0.3290697583134136,"(0.5, 0.5, 0.5, 0.5)",0.9882625033815012,neutral,19.24183973836175,46.14812386033443,0.4341271,0.8491855512164552,0.15217391304347827,0.49361491203308105,4.391304347826088,0.102571502327919,0.3523663878440857,0.27348002791404724,-0.43890120010181155,3.258875480131236,0.021739130434782608,0.08695652173913043,0.32608695652173914
282.0,RLLGQSMDESGLPQLTSYDCEVNAPIQGSRNLLQGDDLLRALDQVN,ED>Dmut29to46,"E816D,E817D",3483.817905,716.3203473,4007.516223,2736.027702,2615.685864,3321.096447,3823.924718,False,False,True,False,False,False,True,False,False,False,0.092480054,FALSE,4.663973437818667,1483.817905,1.0339519253347145,2.13233236831776,1.0924323296314893,"(0.5, 0.5, 0.5, 0.5)",0.9987903472117662,neutral,19.433919059995457,46.639734378186674,0.4455576,0.8491855512164552,0.2173913043478261,0.29273073375225067,4.0456521739130435,0.07958407700061798,0.3523663878440857,0.14655213057994843,0.24094674955621778,3.1499134725479143,0.021739130434782608,0.15217391304347827,0.3913043478260869
283.0,RLLGQSMDESGLPQLTSYDCEVNAPIQGSRNLLQGEEAARAADQVN,killmotif3,"L818A,L819A,L822A",2251.17469,594.5277455,2779.940561,1928.85163,1932.572253,2241.803545,1457.866896,False,True,False,False,False,False,True,False,False,False,0.283384963,FALSE,4.614381931721713,251.17468999999983,0.5476231980525033,0.3609525938354133,-1.470118723507816,"(0.5, 0.5, 0.5, 0.5)",0.98817032155045,neutral,19.296296574786034,46.14381931721713,0.44362143,0.8706366379660458,0.2173913043478261,0.29273073375225067,3.915217391304348,0.07958407700061798,0.6302007436752319,0.24175824224948883,0.24094674955621778,3.0930371561619503,0.021739130434782608,0.15217391304347827,0.32608695652173914
284.0,RLLGQSMDESGLPQLTSYDCEVNAPIQGSRNLLQGEELLGGLDQVN,breakhelix3G,"R820G,A821G",2366.715844,338.3555749,2462.809082,2398.785608,1757.232307,2369.387025,1930.526633,False,True,False,False,False,False,True,False,False,False,0.136787134,FALSE,4.669391793595325,366.71584399999983,0.8639547498058021,0.5269919317600943,-0.9241472204988846,"(0.5, 0.5, 0.5, 0.5)",0.9999506886072814,neutral,19.435660605050806,46.69391470188629,0.44906497,0.8396279483406044,0.1956521739130435,0.3348418176174164,4.08695652173913,0.07687065005302429,0.3523663878440857,0.14655213057994843,0.5936189062386068,3.225989752833552,0.021739130434782608,0.15217391304347827,0.3913043478260869
285.0,RLLGQSMDESGLPQLTSYDCEVNAPIQGSRNLLQGEELLPPLDQVN,breakhelix3P,"R820P,A821P",2164.099937,400.1544548,2409.428251,2005.476599,1480.470821,2289.605974,1720.679473,False,True,False,False,False,False,True,False,False,False,0.049328385,FALSE,4.804458719096789,164.09993699999995,1.3069031030067366,0.2358211247653095,-2.0842351347161223,violet,1.0288752833154209,deactivating,20.152147117528923,48.044580722833985,0.43868482,0.8472220579661356,0.1956521739130435,0.3348418176174164,4.034782608695652,0.07687065005302429,0.3523663878440857,0.14655213057994843,0.5936189062386068,3.2966889313842778,0.021739130434782608,0.15217391304347827,0.3913043478260869
286.0,RLLGQSMDESGLPQLTSYDCEVNAPIQGSRNLLQGEELLRALDQVN,none,,2695.866145,258.4905792,2572.064882,2567.607826,2276.865828,2529.324398,2618.629224,True,False,False,False,False,False,True,False,False,False,1.0,FALSE,4.669622059162531,695.866145,-0.0,1.0,0.0,"(0.5, 0.5, 0.5, 0.5)",1.0,neutral,19.397758957369934,46.69622382569227,0.44566298,0.8534849254646639,0.2173913043478261,0.29273073375225067,4.0456521739130435,0.07958407700061798,0.3523663878440857,0.14655213057994843,0.24094674955621778,3.1676617648745142,0.021739130434782608,0.15217391304347827,0.3913043478260869
287.0,RLLGQSMDESGLPQLTSYDCEVNAPIQGSRNLLQGEELLRALEQVN,ED>Emut29to46,D823E,2577.308939,975.57639,3088.664842,1988.994111,3334.287393,2125.042252,1434.717529,False,False,True,False,False,False,True,False,False,False,0.874193074,FALSE,4.671480030628265,577.308939,0.0583926386327962,0.8296264204662522,-0.2694662556196644,"(0.5, 0.5, 0.5, 0.5)",1.0003978847628767,neutral,19.356961202730723,46.71479707221569,0.44470873,0.8491855512164552,0.2173913043478261,0.29273073375225067,4.0456521739130435,0.07958407700061798,0.3523663878440857,0.14655213057994843,0.24094674955621778,3.174987116338395,0.021739130434782608,0.15217391304347827,0.3913043478260869
288.0,RLLGQSMDESGLPQLTSYDCEVNAPIQGSRNLLQGKKLLRALKQVN,ED>Kmut29to46,"E816K,E817K,D823K",2683.495423,689.4406094,2689.791145,2635.5884,2270.221418,1771.261137,3135.77645,False,False,True,False,False,False,True,False,False,False,0.750952511,FALSE,4.624979969133737,683.4954229999998,0.1243875261952429,0.9822225551725898,-0.0258781427858017,"(0.5, 0.5, 0.5, 0.5)",0.9904398922518368,neutral,19.40849605966103,46.24979969133737,0.4281714,0.8736047700872517,0.2173913043478261,0.4639951288700104,4.019565217391304,0.07958407700061798,0.3523663878440857,0.27348002791404724,-0.8972169300273292,3.192012430023291,0.021739130434782608,0.08695652173913043,0.32608695652173914
289.0,RLLGQSMDESGLPQLTSYDCEVNAPIQGSRNLLQGRRLLRALRQVN,ED>Rmut29to46,"E816R,E817R,D823R",2719.917645,1083.809459,3317.512627,1784.414045,1492.425329,4244.053925,1846.343732,False,False,True,False,False,False,True,False,False,False,0.904454852,FALSE,4.518801670115839,719.917645,0.0436131070978533,1.0345634001205792,0.0490220591533138,"(0.5, 0.5, 0.5, 0.5)",0.9677017996026556,neutral,18.913395983564175,45.18801346709144,0.41468897,0.84342500315337,0.21739130434782608,0.4639951288700104,3.9804347826086963,0.07958407700061798,0.3523663878440857,0.27348002791404724,-0.8972169300273292,3.0329031348590054,0.021739130434782608,0.08695652173913043,0.32608695652173914
290.0,RLLGQSMDESGLPQLTSYDCEVNAPIQGSRRLLRGEELLRALDRVR,QN>Rmut29to46,"N811R,Q814R,Q824R,N826R",2552.583484,372.7684381,2756.767114,2425.480767,1949.726686,2533.430429,2182.673856,False,False,True,False,False,False,True,False,False,False,0.633743258,FALSE,4.588571813572753,552.5834840000002,0.1980866478226653,0.7940945079315509,-0.3326173771786512,"(0.5, 0.5, 0.5, 0.5)",0.9826430823388064,neutral,19.023428643579223,45.88572136979448,0.43290246,0.836951662061013,0.30434782608695654,0.26041240990161896,3.9586956521739136,0.07958407700061798,0.3523663878440857,0.14655213057994843,-0.7184142449514453,2.984846138370806,0.021739130434782608,0.15217391304347827,0.3913043478260869
291.0,RLLGQSMDESGLPQLTSYDCEVNAPWQGSRNLLQGEELLRALDQVN,I>W,I806W,2381.295344,119.286098,2139.976515,2247.603957,1909.71438,2528.534849,2165.808453,False,False,False,True,False,False,True,False,False,False,0.111973656,FALSE,4.554980206923008,381.2953440000001,0.9508841416118892,0.5479435186489783,-0.8679009052865668,"(0.5, 0.5, 0.5, 0.5)",0.9754494366381156,neutral,19.037755560190533,45.54979560109617,0.43415672,0.8534849254646639,0.2173913043478261,0.29273073375225067,3.928260869565218,0.1282716989517212,0.2001391500234604,0.13915342092514038,0.24094674955621778,3.1644841596235964,0.043478260869565216,0.15217391304347827,0.4130434782608695
292.0,RLLGQSMDESGLPQLTSYDCEVNAPYQGSRNLLQGEELLRALDQVN,I>Y,I806Y,2179.530235,258.9243242,2025.591113,2302.392611,1799.061069,2195.806221,1659.961595,False,False,False,True,False,False,True,False,False,False,0.048448612,FALSE,4.595878864451217,179.53023500000018,1.314718660499193,0.2579953577135157,-1.954582988401408,violet,0.984207887966732,deactivating,19.15436631239235,45.95878864451217,0.43931144,0.8434250031533701,0.2173913043478261,0.29273073375225067,3.9195652173913045,0.1282716989517212,0.2001391500234604,0.13915342092514038,0.24094674955621778,3.154951343870844,0.043478260869565216,0.15217391304347827,0.4130434782608695
293.0,RLLGQSMDESGLPQLTSYDCEVNFPIQGSRNLLQGEELLRFLDQVN,A>F,"A804F,A821F",2888.557243,449.2001635,3223.047787,2529.685484,2338.776129,2801.239229,2635.199019,False,False,False,True,False,False,True,False,False,False,0.281624778,FALSE,4.589640349294735,888.5572430000002,0.5503291376148965,1.2769082809740662,0.3526549014415337,"(0.5, 0.5, 0.5, 0.5)",0.9828719093634442,neutral,19.169133062109562,45.896400258880384,0.43938124,0.8534849254646639,0.2173913043478261,0.29273073375225067,4.089130434782609,0.08748437464237213,0.19381392002105713,0.12378472089767456,0.24094674955621778,3.226281001962884,0.06521739130434782,0.15217391304347827,0.4347826086956521
294.0,RLLGQSMDESGLPQLTSYDCEVNWPIQGSRNLLQGEELLRWLDQVN,A>W,"A804W,A821W",2338.96038,289.3986371,2229.329943,2193.145099,2024.435851,2101.18833,2231.864112,False,False,False,True,False,False,True,False,False,False,0.049328385,FALSE,4.474572247030522,338.96038,1.3069031030067366,0.4871057205980325,-1.037693168514688,violet,0.9582300645189707,deactivating,18.83617940094303,44.74572570437218,0.433398,0.8534849254646639,0.2173913043478261,0.29273073375225067,3.928260869565217,0.08748437464237213,0.19381392002105713,0.12378472089767456,0.24094674955621778,3.214557154545209,0.06521739130434782,0.15217391304347827,0.4347826086956521
295.0,RLLGQSMDESGLPQLTSYDCEVNYPIQGSRNLLQGEELLRYLDQVN,A>Y,"A804Y,A821Y",2441.881343,428.4601602,1936.810902,2555.499905,2578.845214,2007.516756,2215.89537,False,False,False,True,False,False,True,False,False,False,0.674434803,FALSE,4.587357744837789,441.881343,0.1710600268161993,0.6350091122769022,-0.6551508004161426,"(0.5, 0.5, 0.5, 0.5)",0.9823830894058488,neutral,19.132242060352176,45.87357421431094,0.4383396,0.8396279483406045,0.2173913043478261,0.29273073375225067,3.9108695652173906,0.08748437464237213,0.19381392002105713,0.12378472089767456,0.24094674955621778,3.1969713834186977,0.06521739130434782,0.15217391304347827,0.43478260869565216
296.0,RLLGQSMDESGLPQLTSYDCEWNAPIQGSRNLLQGEELLRALDQWN,V>W,"V802W,V825W",3449.121433,921.3758618,3879.669194,2761.085739,2128.00884,3223.270284,4338.734544,False,False,False,True,False,False,True,False,False,False,0.282807628,FALSE,4.417431135033466,1449.1214329999998,0.5485088807533897,2.0824715261869797,1.0582967696317942,"(0.5, 0.5, 0.5, 0.5)",0.9459932900491964,neutral,18.621186714932094,44.17430811626771,0.40870577,0.8534849254646639,0.2173913043478261,0.29273073375225067,3.823913043478261,0.14104361832141876,0.2235002964735031,0.11311142891645432,0.24094674955621778,3.177985206393986,0.06521739130434782,0.15217391304347827,0.4347826086956521
297.0,RLLGQSMDESGLPQLTSYDCEYNAPIQGSRNLLQGEELLRALDQYN,V>Y,"V802Y,V825Y",3163.604662,203.8521027,2889.153227,2951.897241,2936.65756,3080.231118,3045.245597,False,False,False,True,False,False,True,False,False,False,0.055848808,TRUE,4.525474843871094,1163.6046620000002,1.252986091743482,1.6721673706370646,0.7417192569303561,"(0.5, 0.5, 0.5, 0.5)",0.9691308603854571,neutral,18.933770605381618,45.25474843871094,0.41654286,0.8396279483406045,0.2173913043478261,0.29273073375225067,3.806521739130435,0.14104361832141876,0.2235002964735031,0.11311142891645432,0.24094674955621778,3.1625000441147795,0.06521739130434782,0.15217391304347827,0.43478260869565216
298.0,RLLGQSMDESGLPQLTSYDFEVNAPIQGSRNLLQGEELLEFLDQVN,superchargeA,"C800F,R820E,A821F",2218.576111,444.4035049,2283.77345,1689.047,1666.920823,2091.558437,2446.742278,False,True,False,False,False,False,True,False,False,False,0.028483486,FALSE,4.617524151175337,218.57611099999983,1.5454068599117112,0.3141065455914655,-1.670674087606007,violet,0.9888432281398511,deactivating,19.248311106339006,46.175238277686404,0.44103807,0.8491855512164552,0.21739130434782608,0.34706610441207886,4.095652173913044,0.07687065005302429,0.28011974692344666,0.10809542238712311,0.9462910629209959,3.288933665343967,0.06521739130434782,0.17391304347826086,0.4565217391304347
299.0,RLLGQSMDESGLPQLTSYDFEVNAPIQGSRNLLQGEELLRALDQVN,aro1,C800F,2210.512302,417.9884222,2141.525801,2098.901064,1736.38293,1782.645139,2378.268007,False,True,False,False,False,False,True,False,False,False,0.022198806,FALSE,4.613862863975411,210.5123020000001,1.6536703841780378,0.3025183844803947,-1.7249052751687193,violet,0.988059163144111,deactivating,19.24033428019413,46.13862863975411,0.4402282,0.8534849254646639,0.2173913043478261,0.29273073375225067,4.052173913043479,0.07958407700061798,0.2911311388015747,0.12473221868276596,0.24094674955621778,3.2152242550095194,0.043478260869565216,0.15217391304347827,0.4130434782608695
300.0,RLLGQSMDESGLPQLTSYGGEVNAPIQGSRNLLQGEELLRALDQVN,breakhelix2G,"D799G,C800G",2223.448814,739.0435811,2645.640216,2769.399145,1497.884437,1509.58167,1779.900037,False,True,False,False,False,False,True,False,False,False,0.536076809,FALSE,4.624002310693195,223.44881399999983,0.270772980204615,0.3211089023450046,-1.638865432343282,"(0.5, 0.5, 0.5, 0.5)",0.9902305266055048,neutral,19.22277976476158,46.24002310693195,0.44244176,0.8295680260293106,0.19565217391304346,0.2913213521242142,4.05,0.07958407700061798,0.3523663878440857,0.1632956713438034,0.044946735669920856,3.2057373230372055,0.021739130434782608,0.13043478260869565,0.3695652173913043
301.0,RLLGQSMDESGLPQLTSYPPEVNAPIQGSRNLLQGEELLRALDQVN,breakhelix2P,"D799P,C800P",3018.565999,677.9109064,2756.126636,2093.736469,3564.657923,3395.04135,2368.429051,False,True,False,False,False,False,True,False,False,False,0.536700918,FALSE,4.882190165177194,1018.565999,0.2702676618734017,1.463738401873251,0.549657739384912,"(0.5, 0.5, 0.5, 0.5)",1.0455214797517864,neutral,20.09782449488328,48.82189518363803,0.4601531,0.8371621356548418,0.19565217391304346,0.2913213521242142,3.9978260869565223,0.07958407700061798,0.3523663878440857,0.1632956713438034,0.044946735669920856,3.2880599794695375,0.021739130434782608,0.13043478260869565,0.3695652173913043
302.0,RLLGQSMDESGLPRLTSYDCEVRAPIRGSRNLLQGEELLRALDQVN,QN>Rmut7to29,"Q794R,N803R,Q807R",2137.266,1089.474007,3495.800411,1196.659375,1749.262592,2255.799246,1073.969808,False,False,True,False,False,False,True,False,False,False,0.633743258,FALSE,4.637453441973053,137.26600000000008,0.1980866478226653,0.1972592013367744,-2.34183549724268,"(0.5, 0.5, 0.5, 0.5)",0.9931110876250984,neutral,19.356673370771716,46.37453441973052,0.43847707,0.8477243774015787,0.28260869565217395,0.2704341560602188,3.9804347826086963,0.07958407700061798,0.3523663878440857,0.14655213057994843,-0.3704164202789036,2.9978137114966255,0.021739130434782608,0.15217391304347827,0.3913043478260869
305.0,RLLGQSMEESGLPQLTSYECEVNAPIQGSRNLLQGEELLRALDQVN,ED>Emut7to29,"D788E,D799E",2634.890514,571.7017242,2925.355006,2564.297271,2159.036035,1997.848379,2613.077311,False,False,True,False,False,False,True,False,False,False,0.874193074,FALSE,4.677108277350311,634.8905140000002,0.0583926386327962,0.9123744825953564,-0.1323019971500015,"(0.5, 0.5, 0.5, 0.5)",1.0016031743239455,neutral,19.428818936407186,46.77108277350311,0.44643992,0.8396279483406045,0.2173913043478261,0.29273073375225067,4.0456521739130435,0.07958407700061798,0.3523663878440857,0.14655213057994843,0.24094674955621778,3.1856355310265925,0.021739130434782608,0.15217391304347827,0.3913043478260869
306.0,RLLGQSMEESGLPQLTSYECEVNAPIQGSRNLLQGEELLRALEQVN,ED>E,"D788E,D799E,D823E",2503.107558,214.663517,2034.975623,2384.515437,2015.678678,3073.99783,2091.531656,False,False,True,False,False,False,True,False,False,False,0.753953492,FALSE,4.67886631614713,503.10755800000015,0.1226554429773328,0.7229947334196006,-0.4679429568355864,"(0.5, 0.5, 0.5, 0.5)",1.001979658496443,neutral,19.389757875722893,46.78866962960521,0.44554806,0.8187953106887449,0.2173913043478261,0.29273073375225067,4.0456521739130435,0.07958407700061798,0.3523663878440857,0.14655213057994843,0.24094674955621778,3.1929608824904734,0.021739130434782608,0.15217391304347827,0.3913043478260869
307.0,RLLGQSMKKSGLPQLTSYKCKVNAPIQGSRNLLQGEELLRALDQVN,ED>Kmut7to29,"D788K,E789K,D799K,E801K",2438.611618,682.7384212,2505.45951,2006.064765,2902.967274,2479.012749,1384.715225,False,False,True,False,False,False,True,False,False,False,0.998799555,FALSE,4.744867154567817,438.6116179999999,0.0005216598139693,0.6303103278576657,-0.6658657928930448,"(0.5, 0.5, 0.5, 0.5)",1.0161137442071235,neutral,19.59497236029494,47.448668311611215,0.43732247,0.8673419025887233,0.21739130434782608,0.29273079335689545,4.010869565217392,0.07958407700061798,0.3523663878440857,0.1573512852191925,-0.14143648881314477,3.2101947828832196,0.021739130434782608,0.06521739130434782,0.3043478260869565
309.0,RLLGQSMRRSGLPQLTSYRCRVNAPIQGSRNLLQGEELLRALDQVN,ED>Rmut7to29,"D788R,E789R,D799R,E801R",2054.347093,284.2851828,1949.011736,1758.895958,1780.301097,2383.779582,1484.908527,False,False,True,False,False,False,True,False,False,False,0.048448612,FALSE,4.592071074018223,54.34709299999986,1.314718660499193,0.0780999239444244,-3.678535046337752,violet,0.9833924492899504,deactivating,19.104807470371643,45.920710740182244,0.42288372,0.8326522878128043,0.2173913043478261,0.29273079335689545,3.9586956521739136,0.07958407700061798,0.3523663878440857,0.1573512852191925,-0.14143648881314477,2.9806774109867638,0.021739130434782608,0.06521739130434782,0.3043478260869565
310.0,RLLGQSMRRSGLPQLTSYRCRVNAPIQGSRNLLQGRRLLRALRQVN,ED>R,"D788R,E789R,D799R,E801R,E816R,E817R,D823R",2415.841962,430.2529651,2587.287891,2559.936721,1923.333103,2170.507027,1923.306503,False,False,True,False,False,False,True,False,False,False,0.453667546,FALSE,4.730879168173405,415.841962,0.3432622877325416,0.5975890118925099,-0.7427744739254178,"(0.5, 0.5, 0.5, 0.5)",1.0131182156146186,neutral,19.786962745087376,47.30879491580101,0.43851835,0.7744667207891894,0.21739130434782608,-1.0,3.8934782608695655,0.07958407700061798,0.3523663878440857,-1.0,3.8281806191144874,2.8459187809712554,0.021739130434782608,0.0,0.2391304347826087
311.0,RLLGQSWDESGLPQLTSYDCEVNAPIQGSRNLLQGEELLRALDQVN,M>W,M787W,2526.207972,581.3905023,2926.399529,1754.33064,2234.357937,2366.910321,2434.202866,False,False,False,True,False,False,True,False,False,False,0.633743258,FALSE,4.553466663587998,526.2079720000002,0.1980866478226653,0.7561913678096815,-0.4031767143393182,"(0.5, 0.5, 0.5, 0.5)",0.9751253111915946,neutral,19.165219841093833,45.53466986994694,0.4416201,0.8534849254646639,0.2173913043478261,0.29273073375225067,3.9847826086956526,0.15098907053470612,0.269192099571228,0.12033293396234512,0.24094674955621778,3.178704865922452,0.043478260869565216,0.15217391304347827,0.4130434782608695
312.0,RLLGQSWDESGLPQLTSYDCEVNWPIQGSRNLLQGEELLRWLDQVN,MA>W,"M787W,A804W,A821W",2111.794463,189.4833888,1770.902325,2145.736202,1763.795865,1988.520374,1975.17898,False,False,False,True,False,False,True,False,False,False,0.029540261,TRUE,4.319712831763544,111.79446300000018,1.5295856718419762,0.1606551257066834,-2.6379610841144783,violet,0.9250669062794044,deactivating,18.533351073463717,43.19712831763544,0.42784008,0.8396279483406045,0.2173913043478261,0.29273073375225067,3.867391304347826,0.16143694519996643,0.12140528112649918,0.10210009664297104,0.24094674955621778,3.225600255593147,0.08695652173913043,0.15217391304347827,0.45652173913043476
313.0,RLLGQSYDESGLPQLTSYDCEVNAPIQGSRNLLQGEELLRALDQVN,M>Y,M787Y,2827.14827,408.4066209,2982.777217,2326.367857,2323.121023,2764.850601,2823.786083,False,False,False,True,False,False,True,False,False,False,0.633743258,FALSE,4.602298487357189,827.1482700000001,0.1980866478226653,1.188660025988188,0.2493361423701832,"(0.5, 0.5, 0.5, 0.5)",0.985582650811484,neutral,19.251566194729364,46.022984873571886,0.44358337,0.8434250031533701,0.2173913043478261,0.29273073375225067,3.976086956521739,0.15098907053470612,0.269192099571228,0.12033293396234512,0.24094674955621778,3.1704225401364994,0.043478260869565216,0.15217391304347827,0.4130434782608695
314.0,RLLGQSYDESGLPQLTSYDCEVNYPIQGSRNLLQGEELLRYLDQVN,MA>Y,"M787Y,A804Y,A821Y",2397.601373,144.7094274,2130.772925,2410.340552,1835.653792,2604.478307,2091.922723,False,False,False,True,False,False,True,False,False,False,0.282807628,FALSE,4.508731755837591,397.601373,0.5485088807533897,0.5713762278232404,-0.8074870808653648,"(0.5, 0.5, 0.5, 0.5)",0.9655453265196808,neutral,18.965170161449162,45.08731755837591,0.4357169,0.8233051585307823,0.2173913043478261,0.29273073375225067,3.8413043478260867,0.16143694519996643,0.12140528112649918,0.10210009664297104,0.24094674955621778,3.199732158680683,0.08695652173913043,0.15217391304347827,0.45652173913043476
315.0,RLLGRRMDERGLPRLRRYDCEVRAPIRGRRRLLRGEELLRALDRVR,STQN>R,"Q785R,S786R,S790R,Q794R,T796R,S797R,N803R,Q807R,S809R,N811R,Q814R,Q824R,N826R",2885.265776,1157.462873,2103.271915,1055.942946,2804.627313,4503.242248,3044.40589,False,False,True,False,False,False,True,False,False,False,0.993758057,FALSE,4.861205598332012,885.2657760000002,0.0027193372321214,1.272178252040125,0.3473008288904881,"(0.5, 0.5, 0.5, 0.5)",1.0410276328024373,neutral,20.11246511598924,48.61204951518621,0.44763884,0.6780369402365857,0.5,0.1995759978890419,3.467391304347826,0.07958407700061798,0.3523663878440857,0.14655213057994843,2.6874277868566976,2.4256587655356627,0.021739130434782608,0.15217391304347827,0.3695652173913043
316.0,RLLGRSMDESGLPRLTSYDCEVRAPIRGSRRLLRGEELLRALDRVR,QN>R,"Q785R,Q794R,N803R,Q807R,N811R,Q814R,Q824R,N826R",2478.235584,431.7432487,2772.797605,2351.625727,1752.231005,2437.868919,2161.816096,False,False,True,False,False,False,True,False,False,False,0.454623876,FALSE,4.70335402431813,478.235584,0.3423477596740502,0.6872522645860291,-0.5410883392725954,"(0.5, 0.5, 0.5, 0.5)",1.0072237034878253,neutral,19.507440721120343,47.0335402431813,0.4376166,0.7683058916668276,0.391304347826087,0.2071795091032982,3.8717391304347823,0.07958407700061798,0.3523663878440857,0.14655213057994843,0.1375973329464992,2.765986323238298,0.021739130434782608,0.15217391304347827,0.3913043478260869
317.0,RLLGWSMDESGLPWLTSYDCEVWAPIWGSRWLLWGEELLRALDWVW,NQ>W,"Q785W,Q794W,N803W,Q807W,N811W,Q814W,Q824W,N826W",2103.122677,576.3297046,2534.514573,1872.031991,1685.752907,1585.856377,1922.618969,False,False,False,True,False,False,True,False,False,False,0.08406436,FALSE,3.5988095540447773,103.12267699999984,1.0753880890529657,0.1481932663932082,-2.754448198942854,"(0.5, 0.5, 0.5, 0.5)",0.77068540204091,neutral,17.45599928496265,35.98810200858168,0.3679915,0.8150787977819344,0.2173913043478261,0.29273073375225067,4.497826086956522,0.07958407700061798,0.07923772931098938,0.16609163582324982,0.24094674955621778,3.551625574684223,0.19565217391304346,0.15217391304347827,0.5652173913043478
318.0,RLLGYSMDESGLPYLTSYDCEVYAPIYGSRYLLYGEELLRALDYVY,NQ>Y,"Q785Y,Q794Y,N803Y,Q807Y,N811Y,Q814Y,Q824Y,N826Y",2438.352453,301.2603091,2472.334146,2237.62925,1778.689551,2464.781741,2323.489009,False,False,False,True,False,False,True,False,False,False,0.081713591,FALSE,4.295174672148044,438.352453,1.0877057034992803,0.6299378927250441,-0.6667184984565244,"(0.5, 0.5, 0.5, 0.5)",0.9198120571064712,neutral,18.27058636742479,42.95174672148044,0.3965891,0.7922964689053409,0.2173913043478261,0.29273073375225067,4.428260869565217,0.07958407700061798,0.07923772931098938,0.16609163582324982,0.24094674955621778,3.4843562518859956,0.1956521739130435,0.15217391304347827,0.5652173913043478
323.0,RWWGQSMDESGWPQWTSYDCEVNAPIQGSRNWWQGEEWWRAWDQVN,L>W,"L782W,L783W,L792W,L795W,L812W,L813W,L818W,L819W,L822W",2514.398034,495.635712,2727.350601,2563.959379,2049.21264,2726.915974,1589.713011,False,False,False,True,False,False,True,False,False,False,0.904454852,FALSE,2.520973140610481,514.3980339999998,0.0436131070978533,0.7392198021071996,-0.4359246909212576,"(0.5, 0.5, 0.5, 0.5)",0.5398666334599684,neutral,14.309349159611035,25.209731406104815,0.28444937,0.8534849254646639,0.2173913043478261,0.29273073375225067,3.1260869565217386,0.6392888426780701,0.3523663878440857,0.14655213057994843,0.24094674955621778,3.1428431741237257,0.2173913043478261,0.15217391304347827,0.3913043478260869
324.0,RWWGQSMDESGWPQWTSYDCEWNAPWQGSRNWWQGEEWWRAWDQWN,IVL>W,"L782W,L783W,L792W,L795W,V802W,I806W,L812W,L813W,L818W,L819W,L822W,V825W",2090.433786,812.9124013,2787.712593,1885.520792,2159.274559,1615.072678,1089.749742,False,False,False,True,False,False,True,False,False,False,0.436140704,FALSE,1.7609229377297624,90.43378600000004,0.3603733797387161,0.1299585942638437,-2.943876051367023,"(0.5, 0.5, 0.5, 0.5)",0.3771018115426612,neutral,12.481308175030929,17.609229377297623,0.22102827,0.790659578911138,0.2173913043478261,0.29273073375225067,2.78695652173913,0.6436561346054077,0.12297330796718597,0.1117754578590393,0.24094674955621778,3.1499890103922783,0.2826086956521739,0.15217391304347827,0.45652173913043476
325.0,RYYGQSMDESGYPQYTSYDCEVNAPIQGSRNYYQGEEYYRAYDQVN,L>Y,"L782Y,L783Y,L792Y,L795Y,L812Y,L813Y,L818Y,L819Y,L822Y",2573.963644,658.4197614,3132.488787,2527.858778,1457.177385,2885.113813,1952.340888,False,False,False,True,False,False,True,False,False,False,0.998799555,FALSE,3.5642897701789047,573.9636439999999,0.0005216598139693,0.8248190375751071,-0.277850463080672,"(0.5, 0.5, 0.5, 0.5)",0.7632929871027161,neutral,16.570202899248557,35.642897701789046,0.37494373,0.8298946292854273,0.2173913043478261,0.29273073375225067,3.0478260869565217,0.6392888426780701,0.3523663878440857,0.14655213057994843,0.24094674955621778,3.0683874018713606,0.21739130434782608,0.15217391304347827,0.3913043478260869
326.0,RYYGQSMDESGYPQYTSYDCEYNAPYQGSRNYYQGEEYYRAYDQYN,IVL>Y,"L782Y,L783Y,L792Y,L795Y,V802Y,I806Y,L812Y,L813Y,L818Y,L819Y,L822Y,V825Y",2524.224809,273.6256254,2108.83359,2238.694853,2578.374217,2709.997857,2070.384963,False,False,False,True,False,False,True,False,False,False,0.874193074,FALSE,3.1480472422762404,524.2248089999998,0.0583926386327962,0.7533414475854402,-0.4086241887069365,"(0.5, 0.5, 0.5, 0.5)",0.6741546108853237,neutral,16.012518776469133,31.480465954628496,0.312258,0.7650763598542616,0.2173913043478261,0.29273073375225067,2.682608695652174,0.6436561346054077,0.12297330796718597,0.1117754578590393,0.24094674955621778,3.050515260107954,0.2826086956521739,0.15217391304347827,0.45652173913043476
