Index,ADseq,Variant_Name,SystematicName,Activity_Mean_MSS18,Activity_std_MSS18,Biological_Replicate_1_Activity,Biological_Replicate_2_Activity,Biological_Replicate_3_Activity,Biological_Replicate_4_Activity,8_Bin_sort,WT,HandDesigned,PerturbCharge,PerturbAromatics,CITED2,Stat3,Hif1alpha,p65_L2Y,p65,VP16 H1,CorrectedPvalues_FDR_5percent,SigDiffFromWT,ree (nm),length,activity,-log10_p-values,normalized_activity,log2_FC,Re_normalized
9.0,DLLGQSMDESGLPQLTSYDCEVNAPIQGSDNLLQGEELLDALDQVN,RK>D,"R781D,R810D,R820D",4858.260837,808.6846182,4481.134835,3525.336929,4898.167448,4899.580175,5572.246233,False,False,True,False,False,False,True,False,False,False,0.022198806,TRUE,4.9619403158510025,46,2858.260837,1.6536703841780378,4.107486558352397,2.038255853999435,1.0625999819653278
12.0,EDFIDEEVLMELVIEMGLDRIKELPELWLGEEEFDFMED,STQN>E,"T220E,S230E,Q250E,N251E,T257E",5522.32344,1172.910957,5336.792073,4387.979038,4822.957103,4934.043489,7215.006929,False,False,True,False,True,False,False,False,False,False,0.016129878,FALSE,4.866116619668777,39,3522.32344,1.7923689174298336,1.3375328296231814,0.41957430276858193,1.070613818451223
20.0,ELLGQSMDESGLPQLTSYDCEVNAPIQGSEFLLQGEELLDALDQVN,supercharge6,"R781E,R810E,N811F,R820D",4746.673271,996.5202333,4206.453178,4034.104464,4845.945897,3787.499296,5944.524954,False,True,False,False,False,False,True,False,False,False,0.028818004,TRUE,4.93504516823859,46,2746.6732709999997,1.540336102696396,3.9471287556315873,1.9808035808174038,1.05684038359277
37.0,KDFIDEEVLMKLVIEMGLDRIKELPELWLGKKEFDFMKD,STQN>K,"T220K,S230K,Q250K,N251K,T257K",2841.579868,280.2039996,2860.190589,2717.692851,2344.064052,2769.359768,2601.753514,False,False,True,False,True,False,False,False,False,False,3.68e-05,TRUE,4.454889335672277,39,841.5798679999998,4.434152181326482,0.3195733501974887,-1.64578099056698,0.9801380557061893
226.0,RDFIDEEVLMRLVIEMGLDRIKELPELWLGRREFDFMRD,STQN>R,"T220R,S230R,Q250R,N251R,T257R",2459.763739,351.9857034,2575.502152,2268.758356,1715.424542,2746.646017,2077.649061,False,False,True,False,True,False,False,False,False,False,0.000137432,TRUE,4.301560286353137,39,459.763739,3.8619121333220257,0.1745862085802103,-2.5179884969669173,0.9464035170994606
246.0,RLLGQSMDDSGLPQLTSYDCDVNAPIQGSRNLLQGDDLLRALDQVN,ED>D,"E789D,E801D,E816D,E817D",2115.632626,569.2620959,2268.874801,1617.951023,1492.958844,1754.713368,2528.826525,False,False,True,False,False,False,True,False,False,False,0.022198806,FALSE,4.657045742994042,46,115.63262600000007,1.6536703841780378,0.16617078849266345,-2.5892613048415782,0.9973067807181928
259.0,RLLGQSMDESGAPQATSADCEVNAPIQGSRNLLQGEELLRALDQVN,killmotif2,"L792A,L795A,Y798A",2165.460551,335.7551952,2298.147907,1992.959805,1717.222011,2101.62216,1802.512305,False,True,False,False,False,False,True,False,False,False,0.013606103,FALSE,4.686232873857569,46,165.46055100000012,1.8662662456963157,0.23777640597819302,-2.0723225281091158,1.0035572075179928
261.0,RLLGQSMDESGLPELTSYDCEVEAPIEGSRNLLQGEELLRALDQVN,QN>Emut7to29,"Q794E,N803E,Q807E",4677.492571,978.3887654,5643.621597,4379.544913,3044.00848,4573.581278,4831.868018,False,False,True,False,False,False,True,False,False,False,0.028818004,FALSE,4.767730714313941,46,2677.4925709999998,1.540336102696396,3.8477120783049448,1.9440008472517556,1.0210099776616621
265.0,RLLGQSMDESGLPQLTSLDCEVNAPIQGSRNLLQGEELLRALDQVN,Y>L,Y798L,3238.211895,316.5622769,2830.78393,3018.8312,2752.88358,3123.804063,3549.918134,False,False,False,True,False,False,True,False,False,False,0.049328385,FALSE,4.726173277346968,46,1238.211895,1.3069031030067366,1.7793822905409489,0.8313764990350364,1.01211044865472
266.0,RLLGQSMDESGLPQLTSWDCEVNAPIQGSRNLLQGEELLRALDQVN,Y>W,Y798W,3500.171529,940.9981679,4520.996322,2918.066072,3017.176222,3880.087708,2249.692754,False,False,False,True,False,False,True,False,False,False,0.048448612,FALSE,4.630815196140913,46,1500.1715290000002,1.314718660499193,2.155833474266808,1.1082457425022818,0.9916895066602933
271.0,RLLGQSMDESGLPQLTSYDCEVNAPIQGSANLLQGEELLAALDQVN,RK>Amut29to46,"R810A,R820A",4199.514204,985.4398776,5163.944895,3521.972291,3354.846964,3434.817987,4607.150319,False,False,True,False,False,False,True,False,False,False,0.048448612,FALSE,4.7410516023741325,46,2199.514204,1.314718660499193,3.1608294494625833,1.6603031930872003,1.015296643348565
273.0,RLLGQSMDESGLPQLTSYDCEVNAPIQGSDNLLQGEELLDALDQVN,RK>Dmut29to46,"R810D,R820D",3614.118375,225.1188824,3193.779685,3707.38155,3385.166966,3444.490446,3424.934659,False,False,True,False,False,False,True,False,False,False,0.029540261,TRUE,4.796433058540891,46,1614.118375,1.5295856718419762,2.3195816991499134,1.2138646609679493,1.0271565873579718
277.0,RLLGQSMDESGLPQLTSYDCEVNAPIQGSRDLLDGEELLRALDDVD,QN>Dmut29to46,"N811D,Q814D,Q824D,N826D",3951.596786,598.6450762,3648.883621,3267.667916,3218.603022,4006.403796,4701.587008,False,False,True,False,False,False,True,False,False,False,0.006036442,TRUE,4.909578831406963,46,1951.596786,2.219218967847234,2.8045577443633216,1.4877732876547376,1.0513867651823339
278.0,RLLGQSMDESGLPQLTSYDCEVNAPIQGSRELLEGEELLRALDEVE,QN>Emut29to46,"N811E,Q814E,Q824E,N826E",4566.954281,873.8925212,5142.250332,3452.40053,3590.102122,4616.063436,5119.116418,False,False,True,False,False,False,True,False,False,False,0.017818103,FALSE,4.914803466573006,46,2566.9542810000003,1.749138534894344,3.6888621460381588,1.883175876063581,1.0525056212909973
285.0,RLLGQSMDESGLPQLTSYDCEVNAPIQGSRNLLQGEELLPPLDQVN,breakhelix3P,"R820P,A821P",2164.099937,400.1544548,2409.428251,2005.476599,1480.470821,2289.605974,1720.679473,False,True,False,False,False,False,True,False,False,False,0.049328385,FALSE,4.804458719096789,46,164.09993699999995,1.3069031030067366,0.23582112476530953,-2.0842351347161223,1.0288752833154209
292.0,RLLGQSMDESGLPQLTSYDCEVNAPYQGSRNLLQGEELLRALDQVN,I>Y,I806Y,2179.530235,258.9243242,2025.591113,2302.392611,1799.061069,2195.806221,1659.961595,False,False,False,True,False,False,True,False,False,False,0.048448612,FALSE,4.595878864451217,46,179.53023500000018,1.314718660499193,0.2579953577135157,-1.9545829884014079,0.9842078879667321
294.0,RLLGQSMDESGLPQLTSYDCEVNWPIQGSRNLLQGEELLRWLDQVN,A>W,"A804W,A821W",2338.96038,289.3986371,2229.329943,2193.145099,2024.435851,2101.18833,2231.864112,False,False,False,True,False,False,True,False,False,False,0.049328385,FALSE,4.474572247030522,46,338.96038,1.3069031030067366,0.48710572059803253,-1.037693168514688,0.9582300645189707
298.0,RLLGQSMDESGLPQLTSYDFEVNAPIQGSRNLLQGEELLEFLDQVN,superchargeA,"C800F,R820E,A821F",2218.576111,444.4035049,2283.77345,1689.047,1666.920823,2091.558437,2446.742278,False,True,False,False,False,False,True,False,False,False,0.028483486,FALSE,4.617524151175337,46,218.57611099999986,1.5454068599117112,0.31410654559146556,-1.6706740876060073,0.9888432281398511
299.0,RLLGQSMDESGLPQLTSYDFEVNAPIQGSRNLLQGEELLRALDQVN,aro1,C800F,2210.512302,417.9884222,2141.525801,2098.901064,1736.38293,1782.645139,2378.268007,False,True,False,False,False,False,True,False,False,False,0.022198806,FALSE,4.613862863975411,46,210.5123020000001,1.6536703841780378,0.3025183844803947,-1.7249052751687193,0.988059163144111
309.0,RLLGQSMRRSGLPQLTSYRCRVNAPIQGSRNLLQGEELLRALDQVN,ED>Rmut7to29,"D788R,E789R,D799R,E801R",2054.347093,284.2851828,1949.011736,1758.895958,1780.301097,2383.779582,1484.908527,False,False,True,False,False,False,True,False,False,False,0.048448612,FALSE,4.592071074018223,46,54.34709299999986,1.314718660499193,0.07809992394442448,-3.6785350463377524,0.9833924492899504
312.0,RLLGQSWDESGLPQLTSYDCEVNWPIQGSRNLLQGEELLRWLDQVN,MA>W,"M787W,A804W,A821W",2111.794463,189.4833888,1770.902325,2145.736202,1763.795865,1988.520374,1975.17898,False,False,False,True,False,False,True,False,False,False,0.029540261,TRUE,4.319712831763544,46,111.79446300000018,1.5295856718419762,0.16065512570668342,-2.6379610841144783,0.9250669062794044
422.0,TAFIAAAVLMSLVIAMGLAAIAALPALWLGQNAFAFMTA,EDKR>A,"D221A,D224A,E225A,E226A,E234A,D238A,R239A,K241A,E242A,E245A,E252A,D254A,D258A",2459.077632,1041.506339,2669.775099,2590.545118,2591.99506,829.076925,2699.157393,False,False,True,False,True,False,False,False,False,False,0.018798712,TRUE,4.17748292686767,39,459.077632,1.7258719055477567,0.17432567298409982,-2.5201430437290253,0.9191047599991585
423.0,TAFIAAAVLMSLVIAMGLAAIKELPELWLGQNEFDFMTD,EDKR>Amut0to20,"D221A,D224A,E225A,E226A,E234A,D238A,R239A",2004.117479,837.0641116,2163.664512,1818.28147,2620.994257,1091.714418,1411.094168,False,False,True,False,True,False,False,False,False,False,0.005386861,TRUE,4.329571107300849,39,4.117479000000003,2.268664230637787,0.0015635314108984925,-9.320976081777589,0.9525662900695059
424.0,TAFIAAAVLMSLVIAMGLARIKALPALWLGQNAFAFMTA,ED>A,"D221A,D224A,E225A,E226A,E234A,D238A,E242A,E245A,E252A,D254A,D258A",2872.451223,1297.338492,3319.407602,3697.916898,2347.879402,3606.137723,476.075924,False,False,True,False,True,False,False,False,False,False,0.030802338,FALSE,4.191141715939256,39,872.451223,1.511416317851428,0.3312961381557269,-1.593806708540738,0.9221098849203829
429.0,TDAIDEEVLMSLVIEMGLDRIKELPELWLGQNEFDFMTD,F>Amut0to20,F222A,5187.713285,1068.195009,4994.854181,4487.264136,3865.377801,4947.961977,6728.269763,False,False,False,True,True,False,False,False,False,False,0.031292084,FALSE,4.583074039660762,39,3187.713285,1.5045655126108677,1.2104712252414436,0.2755687846694521,1.0083404861307796
430.0,TDFFDEEFFMSFFFEMGFDRFKEFPEFWFGQNEFDFMTD,IVL>F,"I223F,V227F,L228F,L231F,V232F,I233F,L237F,I240F,L243F,L246F,L248F",2390.748034,133.6752348,2109.033516,2100.058437,1996.171804,2627.616719,2206.021129,False,False,False,True,True,False,False,False,False,False,9.14e-05,TRUE,3.730799310822978,39,390.7480340000002,4.039053804266168,0.14837885631130893,-2.752642569425205,0.8208281075489838
436.0,TDFIDEEVFMSFVIEMGFDRIKEFPEFWFGQNEFDFMTD,L>F,"L228F,L231F,L237F,L243F,L246F,L248F",2081.676282,263.5747959,1550.100512,2337.490878,1886.981666,1977.686427,1741.283358,False,False,False,True,True,False,False,False,False,False,0.000306553,TRUE,4.165933049111271,39,81.6762819999999,3.5134944294076633,0.03101495658688311,-5.010892084272837,0.9165636251078487
437.0,TDFIDEEVLFSLVIEFGLDRIKELPELWLGQNEFDFFTD,M>F,"M229F,M235F,M256F",3915.53046,800.6215263,3506.034956,3758.192062,2834.387485,3537.457956,5026.741274,False,False,False,True,True,False,False,False,False,False,0.016107522,FALSE,4.377320885525945,39,1915.53046,1.7929712668124667,0.7273848980754573,-0.45920912193658653,0.9630719101340018
438.0,TDFIDEEVLFSLVIEFGLDRIKELPELWLGQNEFDFMTD,aro3,"M229F,M235F",3610.501671,355.3201773,3396.408725,3422.92766,3353.418422,3249.551168,3715.363815,False,True,False,False,True,False,False,False,False,False,0.011351591,TRUE,4.450024426867392,39,1610.501671,1.9449432649821379,0.6115562337811578,-0.7094429314296392,0.9790677076239089
448.0,TDFIDEEVLMSLVIEMGLDEIEELPELWLGQNEFDFMTD,RK>E,"R239E,K241E",5096.616988,896.1121213,4899.475906,4351.823147,4203.303068,4754.105006,6359.539247,False,False,True,False,True,False,False,False,False,False,0.005403775,FALSE,4.73467206646152,39,3096.6169879999998,2.267302742235635,1.1758792038186172,0.23373986204257946,1.041694175536168
452.0,TDFIDEEVLMSLVIEMGLDRIAALPALWLGQNAFAFMTA,EDKR>Amut20to39,"K241A,E242A,E245A,E252A,D254A,D258A",2347.447573,993.204406,2417.091419,548.901223,2766.753663,2666.835434,2422.817559,False,False,True,False,True,False,False,False,False,False,0.030802338,TRUE,4.219761804403328,39,347.4475729999999,1.511416317851428,0.1319363605803324,-2.9220858805642127,0.9284067052783417
456.0,TDFIDEEVLMSLVIEMGLDRIKALPALWLGQNAFAFMTA,ED>Amut20to39,"E242A,E245A,E252A,D254A,D258A",2213.218798,659.8948542,2197.467539,2884.014095,2012.762179,1727.832685,1329.178927,False,False,True,False,True,False,False,False,False,False,0.001966908,TRUE,4.220930907174216,39,213.21879799999988,2.706215953261522,0.08096563165641409,-3.6265465479612455,0.9286639242641429
458.0,TDFIDEEVLMSLVIEMGLDRIKEAAAAWLGQNEFDFMTD,kilmotif2_LPEL_A,"L243A,P244A,E245A,L246A",2597.327688,631.8773969,3216.101349,2014.954799,2231.326603,2383.628535,2225.788588,False,True,False,False,True,False,False,False,False,False,0.001489174,TRUE,4.3642844664979545,39,597.3276879999999,2.8270545548838775,0.2268234040264379,-2.140358587187202,0.9602037153402164
459.0,TDFIDEEVLMSLVIEMGLDRIKEAPEAAAGQNEFDFMTD,killmotif3,"L243A,L246A,W247A,L248A",2612.752534,700.2058544,2445.563931,2370.354224,2065.574207,3797.722611,1469.70913,False,True,False,False,True,False,False,False,False,False,0.011067038,TRUE,4.538711860294964,39,612.7525340000002,1.9559685988488735,0.2326806849571415,-2.1035766386481582,0.9985801852671173
460.0,TDFIDEEVLMSLVIEMGLDRIKEGGGGWLGQNEFDFMTD,kilmotif2_LPEL_G,"L243G,P244G,E245G,L246G",2418.43127,198.8664845,2091.28042,2612.0746,1986.649393,2452.159776,2035.153593,False,True,False,False,True,False,False,False,False,False,0.000176277,TRUE,4.313575899395748,39,418.43127000000004,3.7538043492134707,0.15889101898203917,-2.653890513537927,0.9490471202775238
461.0,TDFIDEEVLMSLVIEMGLDRIKELPELALGQNEADAMTD,WF>Amut20to39,"W247A,F253A,F255A",3329.208983,408.2190623,3074.463626,2913.823364,3087.842295,3035.718694,3619.358368,False,False,False,True,True,False,False,False,False,False,0.001640823,TRUE,4.653127297084507,39,1329.208983,2.7849382649366943,0.5047408855197413,-0.9863851409090054,1.0237531840349428
471.0,TDFIDEEVLMSLVIEMGLDRIKELPELWLGFFEFDFMTD,NQ>F,"Q250F,N251F",2719.582072,337.3800853,2706.113363,2296.643422,2327.36885,2612.865523,2740.080636,False,False,False,True,True,False,False,False,False,False,6.53e-05,TRUE,4.515566245936848,39,719.5820720000002,4.185086818724926,0.27324709422717636,-1.8717219408614822,0.9934878258961599
472.0,TDFIDEEVLMSLVIEMGLDRIKELPELWLGKKEFDFMKD,STQN>Kmut20to39,"Q250K,N251K,T257K",2772.311404,314.7178536,2440.322453,2391.658891,2212.283401,2839.340981,3063.112727,False,False,True,False,True,False,False,False,False,False,8.9e-05,TRUE,4.491848884935813,39,772.311404,4.050609993355088,0.293270017685364,-1.7696985094647009,0.9882696742550195
473.0,TDFIDEEVLMSLVIEMGLDRIKELPELWLGKKEFDFMTD,QN>K,"Q250K,N251K",3209.770835,445.203283,2697.010501,2618.203721,2483.25303,3920.944048,3414.604305,False,False,True,False,True,False,False,False,False,False,0.012942138,FALSE,4.510877923464906,39,1209.7708349999998,1.887993973674762,0.4593866053746469,-1.1222193031286327,0.9924563292806599
483.0,TDFIDEEVLMSLVIEMGLDRIKELPELWLGQNEWDWMTD,F>Wmut20to39,"F253W,F255W",5439.618472,1165.772036,5419.512317,4933.613345,4062.095071,4797.342808,7070.690254,False,False,False,True,True,False,False,False,False,False,0.032296402,FALSE,4.430386418606647,39,3439.618472,1.4908458578107973,1.3061272498241454,0.38529545871218435,0.9747470707271623
485.0,TDFIDEEVLMSLVIEMGLDRIKELPELWLGRREFDFMRD,STQN>Rmut20to39,"Q250R,N251R,T257R",2897.791295,439.9310649,2650.150395,2689.667087,2150.967983,2724.661855,3358.670588,False,False,True,False,True,False,False,False,False,False,6.24e-05,TRUE,4.400189560103897,39,897.791295,4.204815410317576,0.3409185305289313,-1.5525010760031546,0.9681033388740894
486.0,TDFIDEEVLMSLVIEMGLDRIKELPELWLGRREFDFMTD,QN>R,"Q250R,N251R",3183.253348,276.0562313,2824.414753,2981.613909,2371.687695,3649.390077,3174.321741,False,False,True,False,True,False,False,False,False,False,0.003598073,TRUE,4.464089096498508,39,1183.2533480000002,2.443930029657625,0.44931711288601683,-1.154194084871918,0.9821621319536015
487.0,TDFIDEEVLMSLVIEMGLDRIKELPELWLGWWEFDFMTD,NQ>W,"Q250W,N251W",3264.368917,353.1984734,3373.889162,2774.285125,2760.812987,3521.100143,2976.918602,False,False,False,True,True,False,False,False,False,False,0.000889971,TRUE,4.423365250717708,39,1264.3689169999998,3.050624144754156,0.4801191497742204,-1.0585356151846874,0.9732023154425931
491.0,TDFIDEEVLMSLVIEMGLDRIKKLPKLWLGQNKFKFMTK,ED>Kmut20to39,"E242K,E245K,E252K,D254K,D258K",2088.383335,162.5864828,1816.25836,2072.166371,1554.97335,2102.079149,1981.600876,False,False,True,False,True,False,False,False,False,False,3.45e-05,TRUE,4.219328229865781,39,88.38333499999999,4.462180904926726,0.03356182763104899,-4.897034908965473,0.9283113128067862
492.0,TDFIDEEVLMSLVIEMGLDRIKRLPRLWLGQNRFRFMTR,ED>Rmut20to39,"E242R,E245R,E252R,D254R,D258R",2476.335582,375.0913131,2594.024821,2554.186017,1716.61813,2585.940658,2016.069719,False,False,True,False,True,False,False,False,False,False,0.000142528,TRUE,4.038606858441296,39,476.33558200000016,3.846099808982075,0.1808790389909977,-2.46690286269305,0.888550079638955
500.0,TDFIDEEVWMSWVIEMGWDRIKEWPEWWWGQNEFDFMTD,L>W,"L228W,L231W,L237W,L243W,L246W,L248W",2317.262431,300.5760062,1802.281673,2352.130694,2366.856518,2157.920505,1992.2842,False,False,False,True,True,False,False,False,False,False,0.000755396,TRUE,3.742500463211984,39,317.2624310000001,3.1218253191941265,0.12047414846961342,-3.053204490970759,0.8234025249784465
501.0,TDFIDEEVYMSYVIEMGYDRIKEYPEYWYGQNEFDFMTD,L>Y,"L228Y,L231Y,L237Y,L243Y,L246Y,L248Y",2194.783411,382.1377342,2282.018912,2253.331544,1853.205138,2112.565083,1557.95781,False,False,False,True,True,False,False,False,False,False,3.45e-05,TRUE,4.132088030128099,39,194.7834109999999,4.462180904926726,0.07396515718002461,-3.7570103704050175,0.9091172468474783
503.0,TDFIDEEYLMSLYIEMGLDRIKELPELWLGQNEFDFMTD,V>Y,"V227Y,V232Y",5152.705894,901.4188358,5198.810959,4538.641206,3985.75175,4824.847046,6300.639942,False,False,False,True,True,False,False,False,False,False,0.020961421,FALSE,4.423291697894374,39,3152.7058939999997,1.678579279343834,1.1971778592176934,0.2596375027824245,0.9731861327911684
505.0,TDFIDEPVLMPLVIEMGLDRIKELPELWLGQNEFDFMTD,breakhelixP,"E226P,S230P",2990.528512,435.8054486,2406.700894,3011.312161,1954.186544,3739.867267,2925.737129,False,True,False,False,True,False,False,False,False,False,0.016107522,FALSE,4.622341122640956,39,990.5285119999999,1.7929712668124667,0.37613365894581197,-1.4106826807680592,1.0169797944200512
506.0,TDFWDEEVLMSLVWEMGLDRWKELPELWLGQNEFDFMTD,I>W,"I223W,I233W,I240W",2928.387994,454.3961971,2974.86348,2529.282779,1927.989334,3434.576757,2860.389052,False,False,False,True,True,False,False,False,False,False,0.002499474,TRUE,4.174452074090775,39,928.3879940000002,2.6021513765010122,0.3525370232902318,-1.5041533181918332,0.9184379299335741
507.0,TDFWDEEWWMSWWWEMGWDRWKEWPEWWWGQNEFDFMTD,IVL>W,"I223W,V227W,L228W,L231W,V232W,I233W,L237W,I240W,L243W,L246W,L248W",2632.022786,476.2318023,2988.395436,2599.731607,1957.857806,2488.222802,2211.067712,False,False,False,True,True,False,False,False,False,False,0.000176277,TRUE,2.850576295826554,39,632.022786,3.7538043492134707,0.23999818294509218,-2.058904611828686,0.6271667145266943
509.0,TDFYDEEYYMSYYYEMGYDRYKEYPEYWYGQNEFDFMTD,IVL>Y,"I223Y,V227Y,L228Y,L231Y,V232Y,I233Y,L237Y,I240Y,L243Y,L246Y,L248Y",2450.796761,711.5394762,3103.285348,1929.674667,2159.864327,1879.808137,2266.512758,False,False,False,True,True,False,False,False,False,False,0.00177824,TRUE,3.632176588335836,39,450.79676100000006,2.750009624894715,0.17118117560643298,-2.5464040342256116,0.7991297271441176
513.0,TDWIDEEVLMSLVIEMGLDRIKELPELWLGQNEFDFMTD,F>Wmut0to20,F222W,5086.386849,490.7098735,5367.922355,4362.814941,4664.969602,5363.939529,4757.449252,False,False,False,True,True,False,False,False,False,False,0.005996589,FALSE,4.510761787428063,39,3086.3868490000004,2.2220957162362334,1.171994510377714,0.22896581219241635,0.9924307777257789
517.0,TDYIDEEVLMSLVIEMGLDRIKELPELYLGQNEYDYMTD,WF>Y,"F222Y,W247Y,F253Y,F255Y",3726.761825,629.9974943,3715.148378,3530.77417,3060.171764,3106.079531,4306.796715,False,False,False,True,True,False,False,False,False,False,0.011210413,TRUE,4.583823265990754,39,1726.761825,1.9503783873767448,0.6557037334077244,-0.6088839856690457,1.008505326418165
518.0,TEFIEEEVLMSLVIEMGLERIKELPELWLGQNEFDFMTD,ED>Emut0to20,"D221E,D224E,D238E",3144.825771,686.8839007,3680.793448,2728.489682,2951.250927,2479.16662,2969.589609,False,False,True,False,True,False,False,False,False,False,0.012692568,TRUE,4.543749186446856,39,1144.8257709999998,1.8964505011992556,0.4347249987102746,-1.2018250352079767,0.999688467580875
519.0,TEFIEEEVLMSLVIEMGLERIKELPELWLGQNEFEFMTE,ED>E,"D221E,D224E,D238E,D254E,D258E",3208.629716,305.3835941,2986.304531,2673.70094,2995.332506,3234.454492,3238.517542,False,False,True,False,True,False,False,False,False,False,0.00163606,TRUE,4.569722564409745,39,1208.629716,2.7862007732862755,0.45895328794908796,-1.1235807706025467,1.0054029745547786
520.0,TKFIKKKVLMSLVIKMGLKRIKELPELWLGQNEFDFMTD,ED>Kmut0to20,"D221K,D224K,E225K,E226K,E234K,D238K",2546.054013,726.371036,3289.399753,2127.052673,2127.811956,2001.830976,2269.336142,False,False,True,False,True,False,False,False,False,False,0.002224864,TRUE,4.192501103139739,39,546.0540129999999,2.652696531134607,0.20735323759336063,-2.269837521367045,0.922408969146104
521.0,TKFIKKKVLMSLVIKMGLKRIKKLPKLWLGQNKFKFMTK,ED>K,"D221K,D224K,E225K,E226K,E234K,D238K,E242K,E245K,E252K,D254K,D258K",2371.893236,461.9884493,2707.282443,2314.819359,1789.390928,2338.011421,1795.123462,False,False,True,False,True,False,False,False,False,False,6.59e-05,TRUE,4.946412479972662,39,371.8932359999999,4.18111458540599,0.14121911878280022,-2.8239926754997104,1.0882800324622675
522.0,TRFIRRRVLMSLVIRMGLRRIKELPELWLGQNEFDFMTD,ED>Rmut0to20,"D221R,D224R,E225R,E226R,E234R,D238R",2327.564901,500.1056084,2708.238559,2150.71364,1751.071974,2022.488505,2090.473263,False,False,True,False,True,False,False,False,False,False,0.00011792,TRUE,3.9113705987536966,39,327.5649010000002,3.9284125294850236,0.12438630818065008,-3.007100405295045,0.8605563202458921
523.0,TRFIRRRVLMSLVIRMGLRRIKRLPRLWLGQNRFRFMTR,ED>R,"D221R,D224R,E225R,E226R,E234R,D238R,E242R,E245R,E252R,D254R,D258R",2449.439861,318.9861859,2443.480299,2470.953268,1624.409749,2628.466213,2165.051211,False,False,True,False,True,False,False,False,False,False,0.000151809,TRUE,4.697864982969429,39,449.43986099999984,3.818702480519111,0.1706659196035612,-2.5507531005390813,1.0335961015927195
